term_id,slug,description
2293,men-eyeglasses,"<div class=""description""><div class=""title""><h1>The trendiest collection of eyeglasses for men</h1></div><p>Browse through the trendiest collection of eyeglasses for men to find a pair that matches your style. CA Glasses offers the perfectly crafted eyeglasses collection at an affordable price. Whether you are looking for semi-rim, full-rim, or metal, we have got you covered. The frames are manufactured using the highest quality materials and lenses with advanced technology. Place an order for your next glasses and get timely delivery with free shipping across the USA and Canada.</p></div>"
2294,women-eyeglasses,"<div class=""description""><div class=""title""><h1>The Most Stunning Collection of Eyeglasses For Women</h1></div><p>CA Glasses provides the most beautiful collection of eyeglasses for women, where every frame is designed to suit different face shapes and skin tones. We have carefully created the designs that highlight your best features and give you a stunning look. Each pair is made with care and great attention to detail using the highest quality material. Whether you want aviator or cat-eye glasses, the trendiest eyeglass frames are just a few clicks away.</p></div>"
2295,kids-prescription-glasses-online,"<div class=""description""><div class=""title""><h1>Kids Prescription Eyeglasses</h1></div><p>Not all kids like being told that they need glasses. At CA Glasses, we take extra care to reassure each of our young patients that they?ll continue to look amazing with their new eyewear, and that it?s not the nightmare they think. Plus, our kid?s prescription eyeglasses are featured in all the colours of the rainbow and fresh styles they will love to choose from and be proud to wear. Show your child our range of fun and cool glasses they can wear today! </p></div>"
2296,rx-sunglasses,"<div class=""description""><div class=""title""><h1>Rx Sunglasses</h1></div><p>CA Glasses provides high quality, functional, and stylish collection of sunglasses designed to match your needs. We give you the perfect combination of style, quality, and affordability with our new range of Rx sunglasses. With this trendiest collection of sunglasses enhances your fashion sense in a most inspiring way. Whether you are looking for cat-eye sunglasses or aviator sunglasses, we have covered all your needs for looking trendy with our array of frames. We ensure that each pair of shades fits you comfortably, and you can enjoy your daily activities looking with the ultra-modern look. Consider CA Glasses your one-stop solution to buy sunglasses online at the best price.</p></div>"
2297,prescription-sports-glasses,"<div class=""description""><div class=""title""><h1>Prescription Sports Glasses & Goggles</h1></div><p>With a pair of Rx sports glasses, you?ll be unstoppable. The frames encase sturdy polycarbonate lenses that provide anti-glare and polarized coating to give you the maximum durability and impact protection you need. Each pair of prescription sports goggles is made with the latest innovative wrap around design, giving you a stylish look during practice and play. All of the components deliver on functionality and practicality, ensuring long-term use, so you can get the most out of your pair. CA Glasses also provides goggles for swimming and skiing to let you keep doing what you love with excellent vision. Want more clarity? Try our HD Rx lenses! Whether you?re on the field, track, or court, our prescription sports glasses are built for the best performance. Athletes who need sharp vision and reliable protection can trust CA Glasses to deliver. From high-speed cycling to intense basketball matches, our Rx sport glasses and prescription sports goggles combine impact resistance with a comfortable fit, so you can focus on your game instead of worrying about your eyewear and eye-protection.</p></div>"
2299,men-eyeglasses-by-lenses,"<div class=""description""><div class=""title""><h1>Mens Eyeglasses by Lenses</h1></div><p>Starting at $29, including scratch-resistant prescription lenses that provide 100% UV protection.</p></div>"
2300,single-vision-eyeglasses-for-men,"<div class=""description""><div class=""title""><h1>Single Vision Eyeglasses</h1></div><p>Starting at $29, including scratch-resistant prescription lenses that provide 100% UV protection.</p></div>"
2301,progressive-eyeglasses-for-men,"<div class=""description""><div class=""title""><h1>Men's Progressive Prescription Eyeglasses</h1></div><p>If you need lenses for multipurpose functionality, progressive eyeglasses are the ones to choose! Progressive lenses combine three different types of vision in one: close-up, in-between, and at a distance. CA Glasses offers a wide choice of styles and colours that will showcase your high-quality frames without hurting your wallet. From clean and simple colours to electrifying patterns to full or partial frames, there?s something for everyone! Browse our collection of men?s progressive prescription eyeglasses today!</p></div>"
2302,men-eyeglasses-by-frame,"<div class=""description""><div class=""title""><h1>Men's Eyeglasses by Frame</h1></div><p>Starting at $29, including scratch-resistant prescription lenses that provide 100% UV protection.</p></div>"
2303,half-rim-eyeglasses-for-men,"<div class=""description""><div class=""title""><h1>Half Rim Eyeglasses</h1></div><p>Starting at $29, including scratch-resistant prescription lenses that provide 100% UV protection.</p></div>"
2304,full-rim-eyeglasses-for-men,"<div class=""description""><p>Starting at $29, including scratch-resistant prescription lenses that provide 100% UV protection.</p></div>"
2305,rimless-eyeglasses-for-men,"<div class=""description""><div class=""title""><h1>Rimless Eyeglasses</h1></div><p>Starting at $29, including scratch-resistant prescription lenses that provide 100% UV protection.</p></div>"
2306,men-eyeglasses-by-shape,"<div class=""description""><div class=""title""><h1>Men's Eyeglasses by Shape</h1></div><p>Starting at $29, including scratch-resistant prescription lenses that provide 100% UV protection.</p></div>"
2307,aviator-eyeglasses,<div class="description"><div class="title"><h1>Aviator Glasses and Sunglasses Stylish Wrap Around Design Strong Polycarbonate Lenses Anti-Glare and Scratch Resistant FDA and ANSI Approved</p></div>
2308,rectangle-glasses-men,"<div class=""description""><div class=""title""><h1>Rectangle Glasses for Men</h1></div><p>Our collection of rectangle glasses for men emit a bold look that exudes confidence. Simply start off with the type of edging you want the rectangular frames to have. The crisp edges of the frames show off a sporty or architectural look. The frames with rounded edges give off a softer, understated look. Complete your new look with your preferred style or colour. There are so many available that you could have a different look for every day of the year! It?s important to note that rectangular glasses are recommended for individuals with round or oval-shaped faces. Browse our vast selection of rectangle glasses for men today!</p></div>"
2309,round-glasses-men,"<div class=""description""><div class=""title""><h1>Round Eyeglasses</h1></div><p>If a classic style is what you?re after, then look no further! Our round glasses for men provide a chic and iconic appearance that?s guaranteed to match any outfit and reap an abundance of compliments. Go for full round with our Louanne and Charley lines, or highlight the upper part with thick framing, as seen in our Cameron and Eli collections. Want to combine styles? Kylie will help you stand out with round and aviator styles! CA Glasses has plenty of styles and colours that you?re going to love. Find your perfect pair of round glasses at CA Glasses today!</p></div>"
2310,wayfarer-eyeglasses-for-men,"<div class=""description""><div class=""title""><h1>Mens Wayfarer Prescription Reading Glasses</h1></div><p>Are you searching for the most popular style of eyewear? If the answer is yes, look no further! Since the 50s, wayfarer eyeglasses have flawlessly combined casual with professional and trendy with classic. What’s more, this type of frame can be paired with other shapes to make one unique piece. Join famous celebrities, like James Dean, Bob Dylan, and Buddy Holly, when you don a pair of wayfarer glasses. With a fine selection of sizes, colours, and style options to choose from, you can never go wrong with wayfarer. Shop our collection of men’s wayfarer prescription reading eyeglasses !</p></div>"
2311,men-eyeglasses-by-material,"<div class=""description""><div class=""title""><h1>Men's Eyeglasses by Material</h1></div><p>Starting at $29, including scratch-resistant prescription lenses that provide 100% UV protection.</p></div>"
2312,metal-eyeglasses-for-men,"<div class=""description""><div class=""title""><h1>Metal Eyeglasses For Men</h1></div><p>Starting at $29, including scratch-resistant prescription metal eyeglass for men that provide 100% UV protection.</p></div>"
2313,titanium-eyeglasses-for-men,"<div class=""description""><div class=""title""><h1>Titanium Eyeglasses</h1></div><p>Minimalism is the keyword for today's man. If you desire the simple yet classy look, our titanium eyeglasses for men will help you achieve your goal. Despite their thin frame, titanium eyeglasses are made with a strong, malleable, and corrosion-resistant metal. They?re also flexible and will mold perfectly to your unique facial structure. At CA Glasses, we value variety, so we provide partial framing options, such as our Angelo and Jackson lines. Why show the frame at all? With our pair of gold Lucas titanium glasses, you can read without distraction. Come find your new pair of titanium eyeglasses today!</p></div>"
2314,men-plastic-prescription-glasses,"<div class=""description""><div class=""title""><h1>Men's Plastic Prescription Glasses</h1></div><p>Say ?hello? to the world through comfortable and lightweight eyewear! Our brand-new plastic prescription glasses for men has arrived. They are hypoallergenic and permit functionality for all types of excursions. Switch from our calming Yountville line to our zesty Addison selections when the mood takes you. CA Glasses helps you make a statement with Morey, Makayla, Eli, and more. The gang?s all here, and at your disposal! Additionally, our frames mold easily to your face and can be injected with pigment or laminated to create a layered effect. With plenty of styles and colours to choose from, the options are endless. Why wait? Shop now for your new stunning pair of men?s plastic prescription glasses!</p></div>"
2315,wood-eyeglasses-for-men,"<div class=""description""><div class=""title""><h1>Wood Eyeglasses</h1></div><p>Starting at $29, including scratch-resistant prescription lenses that provide 100% UV protection.</p></div>"
2316,men-bifocal-reading-glasses,"<div class=""description""><div class=""title""><h1>Men's Bifocal Reading Glasses</h1></div><p>Looking for some stylish frames to surround your bifocal lenses? CA Glasses has what you?re looking for! We offer high-quality bifocal reading glasses for men that are both trendy and comfortable. With diverse styles and colours available, you?re guaranteed to find the perfect pair of eyewear to call your own! Find your pair of men?s bifocal reading glasses today!</p></div>"
2317,women-eyeglasses-by-lenses,"<div class=""description""><div class=""title""><h1>Women's Eyeglasses by Lenses</h1></div><p>Starting at $29, including scratch-resistant prescription lenses that provide 100% UV protection.</p></div>"
2318,single-vision-eyeglasses-for-women,"<div class=""description""><div class=""title""><h1>Single Vision Eyeglasses</h1></div><p>Starting at $29, including scratch-resistant prescription lenses that provide 100% UV protection.</p></div>"
2319,bifocal-eyeglasses-for-women,"<div class=""description""><div class=""title""><h1>Womens Bifocal Reading Glasses</h1></div><p>Bifocal lenses have a reading segment at the bottom of the lens for clearer, close-up vision. The top portion of the lenses are clear without correction, allowing your eyes to easily adjust to the sights around you. Our frames for bifocal eyeglasses reflect the times, so you?ll be able to achieve a modern, yet classic, look. We also have retro styles and an assortment of colours for those who favour a bold appearance. At CA Glasses, we have a beautiful selection of women's bifocal reading glasses. We guarantee you?ll find your next favourite pair among our selection. Come shop today!</p></div>"
2320,progressive-eyeglasses-for-women,"<div class=""description""><div class=""title""><h1>Women's Progressive Prescription Eyeglasses</h1></div><p>Progressive lens offers three vision powers in one seamless lens, allowing you to do all the things you enjoy without switching glasses. Simply tilt your vision according to the range of distance you need. We have diverse styles for you to choose from. Mix and match our select frames and colours until you find the ideal pair to call your own. Shop at CA Glasses for progressive eyeglasses for women now!</p></div>"
2321,women-eyeglasses-by-frame,"<div class=""description""><div class=""title""><h1>Women's Eyeglasses by Frame</h1></div><p>Starting at $29, including scratch-resistant prescription lenses that provide 100% UV protection.</p></div>"
2322,half-rimmed-glasses-womens,"<div class=""description""><div class=""title""><h1>Half Rim Eyeglasses</h1></div><p>Are you searching for a hybrid frame that offers a minimalistic, yet durable look? If yes, a pair of half-rimmed glasses are the ones you seek. This model is a classic design that remains timeless in today's generation. The thin half-rimmed glasses are made with metal and titanium metals and are available in an assortment of colours for you to choose from. Shop our selection of half-rimmed glasses for women today!</p></div>"
2323,full-rim-eyeglasses-for-women,"<div class=""description""><div class=""title""><h1>Full Rim Eyeglasses</h1></div><p>Starting at $29, including scratch-resistant prescription lenses that provide 100% UV protection.</p></div>"
2324,rimless-eyeglasses-for-women,"<div class=""description""><div class=""title""><h1>Rimless Glasses for Womens</h1></div><p>Starting at $29, including scratch-resistant prescription lenses that provide 100% UV protection.</p></div>"
2325,women-eyeglasses-by-shape,"<div class=""description""><div class=""title""><h1>Women's Eyeglasses by Shape</h1></div><p>Starting at $29, including scratch-resistant prescription lenses that provide 100% UV protection.</p></div>"
2326,aviator-eyeglasses-for-women,"<div class=""description""><div class=""title""><h1>Aviator Eyeglasses</h1></div><p>Starting at $29, including scratch-resistant prescription lenses that provide 100% UV protection.</p></div>"
2327,rectangle-eyeglasses-for-women,"<div class=""description""><div class=""title""><h1>Rectangle Eyeglasses</h1></div><p>Starting at $29, including scratch-resistant prescription lenses that provide 100% UV protection.</p></div>"
2328,wayfarer-eyeglasses-for-women,"<div class=""description""><div class=""title""><h1>Wayfarer Eyeglasses</h1></div><p>Starting at $29, including scratch-resistant prescription lenses that provide 100% UV protection.</p></div>"
2329,cat-eye-glasses,"<div class=""description""><div class=""title""><h1>Womens Cat Eye Glasses</h1></div><p>Make a fashion statement when you step out with a gorgeous pair of cat-eye glasses. The frames can either have an understated shape or a simple, traditional look. Whichever ones you pick, you?re guaranteed to turn heads wherever you go with your unique eyewear. Every pair will match your style perfectly, whether it?s an outing around town or at a work function. Come shop our collection of women's cat eye glasses at CA Glasses today!</p></div>"
2330,women-eyeglass-by-material,"<div class=""description""><div class=""title""><h1>Women's Eyeglass by Material</h1></div><p>Starting at $29, including scratch-resistant prescription lenses that provide 100% UV protection.</p></div>"
2331,metal-eyeglasses-for-women,"<div class=""description""><div class=""title""><h1>Metal Eyeglasses</h1></div><p>Starting at $29, including scratch-resistant prescription lenses that provide 100% UV protection.</p></div>"
2332,titanium-women-eyeglasses-frame,"<div class=""description""><div class=""title""><h1>Women`s Titanium Eyeglasses Frames</h1></div><p>If you?re looking for durable eyewear that?s lightweight, titanium frames are the answer! This type of frame is a popular choice, as it?s versatile in flexibility, style, and colour; it?s the perfect all-in-one solution. Here at CA Glasses, we have a great collection of titanium women's eyeglass frames that our clientele is guaranteed to love. Find your pair today!</p></div>"
2333,plastic-eyeglasses-for-women,"<div class=""description""><div class=""title""><h1>Women's Plastic Eyeglass Frames</h1></div><p>On a budget, but still want top-quality eyewear? CA Glasses is able to accommodate you with both. We have an abundance of lovely designs and gorgeous colours that you?re going to love. Plus, all of our women's plastic eyeglass frames are incredibly comfortable and lightweight. Browse our selection, and find the pair to call your own today!</p></div>"
2334,wood-eyeglasses-for-women,"<div class=""description""><div class=""title""><h1>Wood Eyeglasses</h1></div><p>Starting at $29, including scratch-resistant prescription lenses that provide 100% UV protection.</p></div>"
2335,kids-eyeglasses-by-lenses,"<div class=""description""><div class=""title""><h1>Kids Eyeglasses by Lenses</h1></div><p>Starting at $29, including scratch-resistant prescription lenses that provide 100% UV protection.</p></div>"
2336,single-vision-eyeglasses-for-kids,"<div class=""description""><div class=""title""><h1>Single Vision Eyeglasses</h1></div><p>Starting at $29, including scratch-resistant prescription lenses that provide 100% UV protection.</p></div>"
2337,bifocal-eyeglasses-for-kids,"<div class=""description""><div class=""title""><h1>Bifocal Eyeglasses</h1></div><p>Starting at $29, including scratch-resistant prescription lenses that provide 100% UV protection.</p></div>"
2338,progressive-eyeglasses-for-kids,"<div class=""description""><div class=""title""><h1>Progressive Eyeglasses</h1></div><p>Starting at $29, including scratch-resistant prescription lenses that provide 100% UV protection.</p></div>"
2339,high-definition-eyeglasses-for-kids,"<div class=""description""><div class=""title""><h1>High Definition Eyeglasses</h1></div><p>Starting at $29, including scratch-resistant prescription lenses that provide 100% UV protection.</p></div>"
2340,fashion-eyeglasses-for-kids,"<div class=""description""><div class=""title""><h1>Fashion Eyeglasses</h1></div><p>Starting at $29, including scratch-resistant prescription lenses that provide 100% UV protection.</p></div>"
2341,kids-eyeglasses-by-frame,"<div class=""description""><div class=""title""><h1>Kids Eyeglasses by Frame</h1></div><p>Starting at $29, including scratch-resistant prescription lenses that provide 100% UV protection.</p></div>"
2342,full-rim-eyeglasses-for-kids,"<div class=""description""><div class=""title""><h1>Full Rim Eyeglasses</h1></div><p>Starting at $29, including scratch-resistant prescription lenses that provide 100% UV protection.</p></div>"
2343,kids-eyeglasses-by-shape,"<div class=""description""><div class=""title""><h1>Kids Eyeglasses by Shape</h1></div><p>Starting at $29, including scratch-resistant prescription lenses that provide 100% UV protection.</p></div>"
2344,rectangle-eyeglasses-for-kids,"<div class=""description""><div class=""title""><h1>Rectangle Eyeglasses</h1></div><p>Starting at $29, including scratch-resistant prescription lenses that provide 100% UV protection.</p></div>"
2345,round-eyeglasses-for-kids,"<div class=""description""><div class=""title""><h1>Round Eyeglasses</h1></div><p>Starting at $29, including scratch-resistant prescription lenses that provide 100% UV protection.</p></div>"
2346,kids-eyeglasses-by-material,"<div class=""description""><div class=""title""><h1>Kids Eyeglasses by Material</h1></div><p>Starting at $29, including scratch-resistant prescription lenses that provide 100% UV protection.</p></div>"
2347,metal-eyeglasses-for-kids,"<div class=""description""><div class=""title""><h1>Metal Eyeglasses</h1></div><p>Starting at $29, including scratch-resistant prescription metal eyeglass for kid that provide 100% UV protection.</p></div>"
2348,plastic-eyeglasses-for-kids,"<div class=""description""><div class=""title""><h1>Plastic Eyeglasses</h1></div><p>Starting at $29, including scratch-resistant prescription lenses that provide 100% UV protection.</p></div>"
2350,mens-wooden-prescription-sunglasses,"<div class=""description""><div class=""title""><h1>Mens Wooden Prescription Sunglasses</h1></div><p>Starting at $29, including scratch-resistant prescription lenses that provide 100% UV protection.</p></div>"
2351,mens-tortoise-prescription-sunglasses,"<div class=""description""><div class=""title""><h1>Mens Tortoise Prescription Sunglasses</h1></div><p>Starting at $29, including scratch-resistant prescription lenses that provide 100% UV protection.</p></div>"
2352,discount-prescription-sunglasses,"<div class=""description""><div class=""title""><h1>Discount Prescription Sunglasses</h1></div><p>Spend countless hours outdoors with a beautiful pair of discount prescription sunglasses. With numerous styles and colours to choose from, you?re guaranteed to find something you love. Feeling especially girly today? Try our Emily Rx sunglasses in pink. Stay cool and calm in our black Hudson sunglasses. Want a smoky and mysterious look? Opt for our red Ruby Rx sunglasses. Whether it?s to protect your eyes from harmful UV rays at the beach, in the park, or on a country trail, your pair of inexpensive prescription sunglasses will get the job done. We understand everyone has a budget they must adhere to, so that?s why we have a good selection at a reduced cost for you to choose from.</p></div>"
2354,prescription-sports-sunglasses,"<div class=""description""><div class=""title""><h1>Prescription Sports Sunglasses</h1></div><p>With a pair of prescription sports sunglasses, you can continue to play the sports you love to your heart?s content. We understand that people are more comfortable wearing glasses, but aren?t always comfortable taking them off for extracurricular activities. That?s why we?re dedicated to offer you the best of both worlds. Our Fusion line has the most options to appeal to all kinds of personalities, from a rainbow of colour to soothing yellow. Look like a pro while protecting your eyes in one of our Rx sports glasses today!</p></div>"
2355,clip-on-sunglasses,"<div class=""description""><div class=""title""><h1>Clip on Sunglasses</h1></div><p>CA Glasses brings a stylish and affordable collection of clip-on sunglasses. If your regular prescription glasses are not allowing you to enjoy outdoor activities fully, you should opt for polarized clip-on sunglasses. Clip on to any prescription eyewear frame, pair of safety glasses, or pair of reading glasses to protect your eyes from harsh UV rays during outdoors. Our lightweight, resilient, and utterly useful clip-on prescription sunglasses are available at affordable price. Browse through our best clip-on sunglasses collection available in a variety of colors and shapes.</p></div>"
2356,prescription-running-glasses,"<div class=""description""><div class=""title""><h1>Best Prescription Running Sunglasses and Glasses</h1></div><p>CA Glasses offers a wide range of high-quality prescription running sunglasses at an affordable price. Don't let the harsh sunlight bother you when you?re running to the finish line. Whether you are a casual jogger or a marathon runner, our best running sunglasses are available in a wide variety of styles, models, colors, and brands. Protect your eyes from your every move on the track, with prescription running sunglasses. You no longer need to decide between comfort and clear vision!</p></div>"
2357,prescription-motorcycle-goggles,"<div class=""description""><div class=""title""><h1>Prescription Motorcycle Riding Glasses and Sunglasses</h1></div><p>Prescription motorcycle glasses provide both style and functionality, offering optimal vision correction, wind resistance, and impact protection for a safer and more comfortable ride. CA Glasses provides an excellent range of prescription motorcycle riding glasses to keep your eyes protected from blazing sunbeams, harmful UV rays, harsh wind, and other riding elements. Whether you ride a sports bike or chopper, wear an open-faced helmet or a full shield helmet, we?ve got you covered with the prescription motorcycle sunglasses that best suit your needs. Enjoy riding with clear vision!</p></div>"
2382,reading-glasses-for-men,"<div class=""description""><div class=""title""><h1>Reading Glasses</h1></div><p>Starting at $29, including scratch-resistant prescription lenses that provide 100% UV protection.</p></div>"
2383,men-prescription-sunglasses-108,"<div class=""description""><div class=""title""><h1>Men Prescription Sunglasses</h1></div><p>Starting at $29, including scratch-resistant prescription lenses that provide 100% UV protection.</p></div>"
2384,mens-fashion-sunglasses,"<div class=""description""><div class=""title""><h1>Mens Fashion Sunglasses</h1></div><p>Starting at $29, including scratch-resistant prescription lenses that provide 100% UV protection.</p></div>"
2385,women-sunglasses-106,"<div class=""description""><div class=""title""><h1>Women Sunglasses</h1></div><p>Starting at $29, including scratch-resistant prescription lenses that provide 100% UV protection.</p></div>"
2386,women-fashion-sunglasses,"<div class=""description""><div class=""title""><h1>Women Fashion Sunglasses</h1></div><p>Starting at $29, including scratch-resistant prescription lenses that provide 100% UV protection.</p></div>"
2387,prescription-safety-glasses,"<div class=""description""><div class=""title""><h1>Prescription Safety Glasses</h1></div><p>Invest in high-end & stylish prescription safety glasses from CA Glasses- a one-stop-shop for all your eye-related concerns. We make the best prescription safety glasses using cutting-edge laser technology to facilitate the professionals performing heavy-duty jobs. Some work environments pose a severe risk to eyes from sawdust, chemicals, ashes etc. Injuries from them can lead to temporary to permanent vision loss. prescription safety glasses works as a protective shield and provides full coverage to the eyes. Our collection of prescription safety glasses online include a wide range of trendy frame styles that meet the American National Standard Institute (ANSI Z87) requirements and meet current Occupational safety Health Administration (OSHA) safety standards. With our experience and expertise, we design reliable, sturdy and high-end customized prescription and non-prescription rx safety glasses to meet the exact requirement of the customer. Vision is priceless! So, keep your eyes safe and work efficiently on the job with superior quality RX Safety glasses.</p></div>"
2388,prescription-safety-sunglasses,<div class="description"><div class="title"><h1>Prescription Safety Sunglasses</h1></div><p>Safety glasses don't have to be uncomfortable and clunky. CA Glasses brings a sleek and stylish range of safety sunglasses that are ideal for any outdoor setting. Our prescription safety sunglasses are carefully designed to add comfort and clarity to your eyes when you?re working outside in daylight hours. Those who work in an industrial environment and already need prescription glasses can do their job without doubling up on glasses or compromising their sight.</p></div>
2389,basketball-glasses,<div class="description"><div class="title"><h1>Prescription Basketball Glasses & Goggles</h1></div><p>Eye protection is essential for the basketball players as the game can get intense anytime. CA Glasses provides a collection of high-quality sturdy basketball goggles and glasses to protect you from any kind of eye injury. A well-fit sports goggles keep you confident with sudden moves you make on the court. Don't compromise with vision clarity or eye safety on the court if you are wearing corrective eyewear. Go with our prescription basketball goggles and continue giving your best performance. Browse through our new collection of basketball glasses available at affordable price.</p></div>
2390,baseball-glasses,"<div class=""description""><div class=""title""><h1>Prescription Baseball Glasses</h1></div><p>CA Glasses brings you the most stylish and affordable collection of baseball glasses. A perfect pair of baseball sunglasses are an essential accessory for every player of the ballgame. Whether you are practicing or at a crucial point of the match, with our baseball sunglasses, you not only get eye protection, but also full eye coverage for a clear vision from all the angles. Don't compromise with eye protection or vision clarity if you are prescribed to wear glasses. Opt for our sturdy frames and advanced lens technology for prescription baseball glasses. Browse through our latest collection of baseball glasses and sunglasses!</p></div>"
2391,prescription-ski-snowboard-goggles,"<div class=""description""><div class=""title""><h1>Prescription Ski Goggles and Snowboard Goggles</h1></div><p>Buy prescription ski goggles from CA Glasses, your online source for high quality and affordable sports eyewear. With our ski and snowboard, goggles keep your eyes protected and give you a stylish look while you are enjoying the slopes. Wearing regular or non-prescription skiing goggles when you are already prescribed to wear glasses compromises your vision clarity. With prescription ski glasses you can enjoy the sport better as you don't have to worry about doubling up the glasses or wear non-prescription ski glasses. When your eyes are protected, and you have a clear vision, you can enjoy the unconventional mountain weather in the best possible way.</p></div>"
2392,prescription-swim-goggles,"<div class=""description""><div class=""title""><h1>Prescription Swimming Goggles</h1></div><p>Prescription swimming goggles offers crystal-clear vision underwater, eliminating blurriness and improving safety. Swimming goggle with prescription protect your eyes from chlorine and irritation while ensuring a comfortable and secure fit for an enhanced swimming experience. Prescription swim goggles help swimmers see sharply and accurately, enhancing safety and performance in the water. Whether you're a professional swimmer or want to enjoy your pool during the summer, swimming goggles provide the perfect fit and visibility, making every swim more enjoyable and hassle-free.</p></div>"
2393,29-dollar-glasses,"<div class=""description""><div class=""title""><h1>29-dollar-glasses</h1></div><p>Starting at $29, including scratch-resistant prescription lenses that provide 100% UV protection.</p></div>"
2394,39-dollar-glasses,"<div class=""description""><div class=""title""><h1>39 Dollar Glasses and SunglassesFashion has never been this affordable! CA Glasses offers the most stylish collection of glasses and sunglasses, all at the low price of $39. This smart-looking collection of glasses includes scratch-resistant prescription lenses that also provide 100% UV protection. Buy the trendiest glasses and sunglasses available on the market today, all without compromising lens quality. This range of 39 dollar glasses will fulfil your eyewear requirement to a tee, whether you?re looking for cat-eye glasses, safety glasses, computer glasses, or sports glasses. To define your particular style, all you have to spend is $39 - what a deal! Explore our latest looks below, available in a variety of attractive designs and colors.</p></div>"
2395,49-dollar-glasses,"<div class=""description""><div class=""title""><h1>49-dollar-glasses</h1></div><p>Starting at $29, including scratch-resistant prescription lenses that provide 100% UV protection.</p></div>"
2396,59-dollar-glasses,"<div class=""description""><div class=""title""><h1>59-dollar-glasses</h1></div><p>Starting at $29, including scratch-resistant prescription lenses that provide 100% UV protection.</p></div>"
2397,69-dollar-glasses,"<div class=""description""><div class=""title""><h1>69-dollar-glasses</h1></div><p>Starting at $29, including scratch-resistant prescription lenses that provide 100% UV protection.</p></div>"
2398,79-dollar-and-over,"<div class=""description""><div class=""title""><h1>79-dollar-and-over</h1></div><p>Starting at $29, including scratch-resistant prescription lenses that provide 100% UV protection.</p></div>"
2399,prescription-sunglasses,"<div class=""description""><div class=""title""><h1>Prescription Sunglasses</h1></div><p>Buy stylish Prescription Sunglasses online from CA Glasses. Our range of high quality sunglasses is available at an affordable price. Choose from our custom-crafted sunglasses for women, men, and children. The carefully made sunglasses give you a clearer vision with 100% UV protection. Keep your eyes protected all the time while working, driving, or enjoying outdoor activities. The scratch-resistant lenses with durable frames make the sunglasses a perfect accessory for routine wear. You don't have to worry about doubling up glasses or wear non-prescription sunglasses at the expense of clear vision. Check out our extensive range of attractive prescription sunglasses available at low prices.</p></div>"
2400,cheap-glasses,"<div class=""description""><div class=""title""><h1>Cheap Glasses and Sunglasses</h1></div><p>CA Glasses is your online source for buying cheap glasses and sunglasses. Browse through our cheap glasses online and find the design and style that suit you best. If you are already prescribed to wear glasses, then opt for cheap prescription glasses. Using advanced lens technologies and optical innovation, our experts can give you prescription glasses as per your requirement. Take a look at the most stylish collection of designer glasses starting at just $29.</p></div>"
2401,discount-prescription-glasses,"<div class=""description""><div class=""title""><h1>Discount Glasses</h1></div><p>Achieve a stellar look while on a budget! When it comes to eyewear, you want to look and feel your best without breaking the bank. With an incredible selection of discount prescription glasses to choose from, the possibilities are endless. Mix things up with full and partial frames or bold patterns and a single colour. Whether you want your prescription glasses to blend in or stand out, CA Glasses has colours and styles that are guaranteed to be a comfortable fit and suit any facial structure. Show your eyes some love by getting your perfect discount prescription glasses today!</p></div>"
2402,promotional-glasses,"<div class=""description""><div class=""title""><h1>Promotional Glasses</h1></div><p>Starting at $29, including scratch-resistant prescription lenses that provide 100% UV protection.</p></div>"
2403,best-seller-glasses,"<div class=""description""><div class=""title""><h1>Best Seller Glasses</h1></div><p>Starting at $29, including stylish frames and high quality prescription lenses.</p></div>"
2404,new-arrival-glasses,"<div class=""description""><div class=""title""><h1>New Arrivals</h1></div><p>Starting at $29, including scratch-resistant prescription lenses that provide 100% UV protection.</p></div>"
2405,men-glasses,"<div class=""description""><div class=""title""><h1>Men's GlassesMen can be rough with delicate items like eyeglass frames. we understand that fashion and fit are important and that is the reason why we offer a large selection of glasses and sunglasses frames specifically for men. The frames that are listed on our website are strong and durable, yet fashionable. == Improve your quality of life while boosting your own confidence. Check out our more then 200 different frames created specially for men. Strong as will as durable, fashionable as will as romantic, or just physically good looking. Our specially crafted men?s frames can show off your handsome looks and boost your overall image.</p></div>"
2406,women-glasses,"<div class=""description""><div class=""title""><h1>Women's Glasses</h1></div><p>Women's Glasses Frame A unique collection of women's glasses is available with www.bestpriceglasses.com. We work delegently to bring you the latest design and style of women's prescription glasses and prescription sunglasses. We update our inventory of glsses frames once every 2-3 weeks, so come and visit us often. == Check out our unique collection of modern eye wear. See over 250 fashionable frames in many patterns, shapes, and functionalability. Look professional at the office, while looking attractive and comfortable out shopping or running errands with the family, or your BFF. Dressy enough for your date nights, graceful enough to soften your complexion in any situation. Make a splash at the pool in our designer shades or order your frame choice with a transitional lens to go easily from day to night or sunshine to shadows.</p></div>"
2407,kids-glasses,"<div class=""description""><div class=""title""><h1>Kids Glasses</h1></div><p>Kids Glasses Frame Bestpriceglasses has a collection of cute and smart glasses frames for your kids; you can check out the exclusive series of children's glasses that include kid?s eyeglasses, sunglasses, and glasses frames along with stunning colors like gold, pink and purple. Glasses for toddler as well as teenage kids are available at cheap prices. children?s glasses need to be extra strong and sturdy due to their active life style, Most of our children's frame are made of titanium or bendable material. We strongely recommend polycarbonate lens for your kids due to safety reason. == Check out our collection of cute yet functional eyeglasses perfect for toddlers to young teens. Over a dozen frame options specially crafted for the younger generation. We suggest polycarbonate lens material and titanium and bendable frame options because there strong durable material will hold up to the active often rough handling most kids will put them through. All prescription lens can be created to fit these frames helping the younger generation look and feel comfortable and cool as they go off to learn and have fun in and out of school.</p></div>"
2408,unisex-glasses,"<div class=""description""><div class=""title""><h1>Unisex Glasses</h1></div><p>Starting at $29, including scratch-resistant prescription lenses that provide 100% UV protection.</p></div>"
2409,rimless-eyeglasses,"<div class=""description""><div class=""title""><h1>Rimless Eyeglasses</h1></div><p>Starting at $29, including scratch-resistant prescription lenses that provide 100% UV protection.</p></div>"
2410,semi-rimless-glasses,"<div class=""description""><div class=""title""><h1>Semi Rimless Glasses</h1></div><p>Starting at $29, including scratch-resistant prescription lenses that provide 100% UV protection.</p></div>"
2411,full-rim-glasses,"<div class=""description""><div class=""title""><h1>Full Rim Glasses</h1></div><p>Starting at $29, including stylish frame and high quality prescription lenses.</p></div>"
2412,round-eyeglasses,"<div class=""description""><div class=""title""><h1>Round Eyeglasses</h1></div><p>Starting at $29, including scratch-resistant prescription lenses that provide 100% UV protection.</p></div>"
2413,square-eyeglasses,"<div class=""description""><div class=""title""><h1>Square Eyeglasses</h1></div><p>Starting at $29, including stylish frames and high quality prescription lenses.</p></div>"
2414,fashion-sunglasses,"<div class=""description""><div class=""title""><h1>Buy Trendiest Fashion Sunglasses for a Striking Appeal:</h1></div><p>Sunglasses are an accessory that can instantly give you a stylish look. It doesn't have to be sunny outside to put on a pair. You can wear this accessory throughout the year to ensure that you never lose your charm. CA Glasses provides a wide range of fashion sunglasses that never go out of trend. Whether you are looking for fashion sunglasses for men or women, you can definitely find a pair here that suits your personality. Browse through our stylish collection available at affordable price.</p></div>"
2415,tinted-sunglasses,"<div class=""description""><div class=""title""><h1>Buy Stylish Tinted Sunglasses at Affordable Price</h1></div><p>CA Glasses brings you the finest collection of colorful tinted sunglasses for men, women, and kids. Tinted sunglasses do not only cater to your style requirement but also give eye protection against harsh sunlight. Whether you want to enjoy a day on the beach or you want to look playful while going to college, these colorful shades will never let you down. We provide amazing tinting options to choose from and great features to enjoy. This essential accessory keeps your eyes protected while you spread your charm with that striking appeal. Browse through our latest collection of tinted glasses and place your order today!</p></div>"
2416,clip-on-sunglasses-243,"<div class=""description""><div class=""title""><h1>Clip on Sunglasses</h1></div><p>Starting at $29, including scratch-resistant prescription lenses that provide 100% UV protection.</p></div>"
2417,rx-sports-goggles,"<div class=""description""><div class=""title""><h1>Rx Sports Goggles</h1></div><p>Starting at $29, including scratch-resistant prescription lenses that provide 100% UV protection.</p></div>"
2418,motorcycle-goggles,"<div class=""description""><div class=""title""><h1>Motorcycle Goggles</h1></div><p>Starting at $29, including scratch-resistant prescription lenses that provide 100% UV protection.</p></div>"
2419,sports-glasses,"<div class=""description""><div class=""title""><h1>Sports Glasses</h1></div><p>Starting at $29, including scratch-resistant prescription lenses that provide 100% UV protection.</p></div>"
2420,safety-glasses,"<div class=""description""><div class=""title""><h1>Safety Glasses and Protective Eyewear</h1></div><p>Individuals working in an industrial environment must wear safety glasses. If you work in situations where you need to keep your eyes protected from chemicals, radiation, lasers, wind, or dust, you should check out our collection of high quality safety glasses. At CA Glasses, we provide affordable safety glasses that give you next-level comfort while working on heavy-duty tasks. Wearing our comfortable safety glasses, you bring more accuracy in your work while keeping eye injuries at bay. Take a look at our stylish safety glasses collection that guarantees protection.</p></div>"
2421,single-vision-glasses,"<div class=""description""><div class=""title""><h1>Single Vision Glasses</h1></div><p>Starting at $29, including scratch-resistant prescription lenses that provide 100% UV protection.</p></div>"
2422,bifocal-glasses,"<div class=""description""><div class=""title""><h1>Buy High Quality Bifocal Glasses To Solve Multiple Vision Problems:As we get older, many of us have to struggle with vision problems from not one, but many distances. At CA Glasses, we provide a perfect solution to your vision problems with high quality bifocal glasses, combining two prescriptions in one. The upper portion of the lens is designed to correct the distance vision problem, while the lower part features magnification allows you to read or see near objects without any discomfort. It is a perfect solution for people who always have to carry two pairs of glasses, one regular prescription glasses and second for reading. Bifocal eyeglasses eliminate the need for carrying two pairs as you can correct your multiple vision problem using one. Browse through our latest collection of bifocal glasses.</p></div>"
2423,progressive-glasses,"<div class=""description""><div class=""title""><h1>Progressive Glasses</h1></div><p>Starting at $39, including high quality air lenses with premium UV & Anti-Glare coating</p></div>"
2424,reading-glasses,"<div class=""description""><div class=""title""><h1>Reading Glasses</h1></div><p>Starting at $29, including scratch-resistant prescription lenses that provide 100% UV protection.</p></div>"
2425,metal-glasses,"<div class=""description""><div class=""title""><h1>Buy Metal Glasses at Affordable Price</h1></div><p>CA Glasses brings you the latest collection of stylish metal glasses at an affordable price. Our metal frame glasses are designed to give you an elegant and smart look. Our latest collection has all types of metal frame glasses, whether you want to evoke a vintage feel to your look or you need to communicate style with a modern-looking frame, we have covered it all. We can also customize prescription glasses as per your requirement. Browse through our latest collection.</p></div>"
2426,plastic-glasses,"<div class=""description""><div class=""title""><h1>Plastic Glasses</h1></div><p>Starting at $29, including scratch-resistant prescription lenses that provide 100% UV protection.</p></div>"
2427,stainless-steel-glasses,"<div class=""description""><div class=""title""><h1>Stainless Steel Glasses</h1></div><p>Starting at $29, including scratch-resistant prescription lenses that provide 100% UV protection.</p></div>"
2428,bendable-glasses,"<div class=""description""><div class=""title""><h1>Bendable Glasses</h1></div><p>Starting at $29, including scratch-resistant prescription lenses that provide 100% UV protection.</p></div>"
2429,titanium-glasses,"<div class=""description""><div class=""title""><h1>Titanium Glasses</h1></div><p>Starting at $29, including scratch-resistant prescription lenses that provide 100% UV protection.</p></div>"
2430,frame-style,"<div class=""description""><div class=""title""><h1>Frame Style</h1></div><p>Starting at $29, including scratch-resistant prescription lenses that provide 100% UV protection.</p></div>"
2431,price-range,"<div class=""description""><div class=""title""><h1>Price Range</h1></div><p>Starting at $29, including scratch-resistant prescription lenses that provide 100% UV protection.</p></div>"
2432,hot-glasses,"<div class=""description""><div class=""title""><h1>Hot Glasses</h1></div><p>Starting at $29, including scratch-resistant prescription lenses that provide 100% UV protection.</p></div>"
2433,sunglasses-1,"<div class=""description""><div class=""title""><h1>Hot Sunglasses</h1></div><p>Starting at $29, including scratch-resistant prescription lenses that provide 100% UV protection.</p></div>"
2434,lens-type,"<div class=""description""><div class=""title""><h1>Lens Type</h1></div><p>Starting at $29, including scratch-resistant prescription lenses that provide 100% UV protection.</p></div>"
2435,frame-material,"<div class=""description""><div class=""title""><h1>Frame Material</h1></div><p>Starting at $29, including scratch-resistant prescription lenses that provide 100% UV protection.</p></div>"
2436,gender,"<div class=""description""><div class=""title""><h1>Gender</h1></div><p>Starting at $29, including scratch-resistant prescription lenses that provide 100% UV protection.</p></div>"
2437,kids-prescription-sunglasses,"<div class=""description""><div class=""title""><h1>kids Prescription Sunglasses</h1></div><p>As a parent or guardian, it?s imperative to ensure the safety of your child?s eyesight. Given the delicate nature of their eyes as they?re continuously growing, proper sunglasses are required whenever they want to have fun in the sun. By fitting your kid with a proper pair of sunglasses early in life, you?re shielding their eyes from the harmful UV rays that can damage their vision. We have a diverse selection of trendy kid?s prescription sunglasses, from stylish frames to bold and neutral colours they can choose from. They will love our cool models, so shop our collection of kids? prescription sunglasses today!</p></div>"
2438,sunglasses,"<div class=""description""><div class=""title""><h1>Sunglasses</h1></div><p>Starting at $39, including stylish sunglasses frame and high quality prescription sunlenses.</p></div>"
2439,prescription-sunglasses-online,"<div class=""description""><div class=""title""><h1>Prescription Sunglasses</h1></div><p> Face the sun's powerful rays with a pair of prescription sunglasses. With a huge selection of colours and styles to choose from, you can mix and match amazing pairs to any ensemble. Whether you?re walking in the park, biking along the waterfront, or driving around town, clear and protected vision against the sun is an absolute must. Your personality will come alive through classic sleek black or playful pops of colour. Want that 40s cat-eye look? Try our Lily and Sadie series. Our Jordan line stands out for going boxy when everyone else opts for round. Explore your surroundings with a pair of the best prescription sunglasses we have to offer you!</p></div>"
2440,computer-glasses,"<div class=""description""><div class=""title""><h1>Blue Light Blocking Computer Glasses</h1></div><p>Buy standard quality blue light blocking computer glasses to eliminate the risks that come along with using computer or TV screens for a long period. Whether you are studying, working in the office, or taking time off, most of the hours are spent looking at either computer, TV, or mobile screens. These daily digital activities expose us to significant amounts of blue lights, and to reduce the adverse effects of it; experts recommend to wear blue light blocking glasses or computer glasses.</p></div>"
2441,sunglasses-for-kids,"<div class=""description""><div class=""title""><h1>Kids Sunglasses</h1></div><p>Starting at $29, including scratch-resistant prescription lenses that provide 100% UV protection.</p></div>"
2442,round-eyeglasses-for-women,"<div class=""description""><div class=""title""><h1>Round Eyeglasses for Women</h1></div><p>Round prescription eyeglasses offer a sophisticated look that’s both trendy and classic. At CA Glasses, we have the ideal round prescription eyeglasses for women. With a wide selection of eyeglasses to choose from, you can find unique styles in a spectrum of colours. Because there’s so much diversity, you might have a difficult time deciding which ones to buy! Shop now!</p></div>"
2443,mountain-road-bike-sunglasses,"<div class=""description""><div class=""title""><h1>Prescription Mountain Bike Sunglasses & Glasses</h1></div><p>Whether you are moving uphill on your bike or you are balancing your bike on a rugged mountain slope, you need a quality pair of prescription mountain bike sunglasses that prevent dirt and dust entering your eyes. At CA Glasses, you can buy from the wide range of ultra-modern mountain bike glasses available at affordable price. We have designed the best sunglasses for mountain biking considering the comfort and safety of the bikers. If you are prescribed to wear sunglasses, then we can perfectly customize the best prescription mountain bike glasses that protect your eyes and allows you to ride without compromising with vision.</p></div>"
2444,prescription-cycling-sunglasses,"<div class=""description""><div class=""title""><h1>Prescription Cycling Sunglasses & Glasses</h1></div><p>Cycling glasses protect your eyes from dust and harmful UV rays while you?re riding your bike. Prescription cycling sunglasses increase contrast values to help you easily see potholes, rocks, and other road obstructions. At CA Glasses, you?ll find the highest-quality and best prescription cycling glasses made in stylish wrap-around designs. Plus, our cycling sunglasses come with five interchangeable lenses that you can adjust according to weather conditions. CA Glasses has certified & polarized cycling sunglasses that help you enjoy the ride. Cycling demands both focus and safety, and that?s where our prescription cycling sunglasses make a difference. Unlike regular shades, our prescription cycling glasses combine clear vision correction with reliable eye protection, so you don?t have to compromise on performance. Whether you?re riding in the city, on trails, or during long-distance races, these glasses ensure crisp, uninterrupted vision while safeguarding your eyes from glare, wind, and flying debris.</p></div>"
2445,prescription-golf-sunglasses,"<div class=""description""><div class=""title""><h1>Prescription Golf Sunglasses & Glasses</h1></div><p>Do you want to take a few strokes off of your game? Prescription golf sunglasses could be just the trick. Add them to your golf bag to reduce unnecessary eyestrain while you?re on the lynx. Get a clearer vision, and protect your eyes from any glare, dust or debris. At CA Glasses, we provide lightweight and high-contrast best golf sunglasses that enable you to see the texture and slope of the greens with greater clarity. Whether it is a harsh, sunny day or cloudier weather, you will never have to compromise your vision by wearing precision-made prescription golf glasses from CA Glasses.</p></div>"
2446,prescription-fishing-sunglasses,"<div class=""description""><div class=""title""><h1>Polarized Prescription Fishing Sunglasses</h1></div><p>CA Glasses offers an extensive range of polarized prescription fishing sunglasses to improve your catch performance. If you enjoy spending all day fishing, you need to protect your eyes from intense sunlight and other elements like dust and wind. Our carefully created polarized fishing glasses give you a better fishing experience with enhanced safety and better focus. Don't let poor vision hinder your fishing experience. Try our prescription fishing sunglasses today!</p></div>"
2447,prescription-shooting-glasses,"<div class=""description""><div class=""title""><h1>Prescription Shooting Glasses</h1></div><p>Whether you?re on the range or our for a hunt, you need to protect your eyes from debris, flying casings, and cartridges, which can cause significant vision impairment or even blindness. Prescription shooting glasses from CA Glasses offers proper eye protection with our specially designed wrap-around frames. Shooting is more enjoyable when your safety is guaranteed. Our carefully created glasses offer total protection while giving you the lens strength you need to focus on your target. Check out our prescription shooting glasses!</p></div>"
2448,z87-prescription-safety-glasses-3,"<div class=""description""><div class=""title""><h1>Z87 Prescription Safety Glasses</h1></div><p>Every year numerous injuries recorded in the US are related to the eyes. All of these injuries can be prevented when you wear Z87 Prescription Safety Glasses. The range of protective eyewear that we offer is designed to provide ultimate protection and comfort while working in a hazardous environment. Whether you are working in a machinery factory or into sports and adventure, taking care of your eyes is important. Following the standards set by OSHA and ANSI, our Z87 safety glasses are the best in the market. They not just safeguard your vision but protect you from the uncertainties that can occur at the workplace. Every employee must invest in purchasing these safety glasses to ensure eye protection and optimal vision. Being the leading seller of ANSI safety glasses, we offer a variety of safety glasses for men and women in different styles, colors, and patterns.</p></div>"
2449,z87-prescription-safety-glasse,"<div class=""description""><div class=""title""><h1>Z87 Prescription Safety Glasses</h1></div><p>Every year numerous injuries recorded in the US are related to the eyes. All of these injuries can be prevented when you wear Z87 Prescription Safety Glasses. The range of protective eyewear that we offer is designed to provide ultimate protection and comfort while working in a hazardous environment. Whether you are working in a machinery factory or into sports and adventure, taking care of your eyes is important. Following the standards set by OSHA and ANSI, our Z87 safety glasses are the best in the market. They not just safeguard your vision but protect you from the uncertainties that can occur at the workplace. Every employee must invest in purchasing these prescription ansi z87 safety glasses to ensure eye protection and optimal vision. Being the leading seller of ANSI safety glasses, we offer a variety of safety glasses for men and women in different styles, colors, and patterns.</p></div>"
2450,wrap-around-prescription-safety-glasses,"<div class=""description""><div class=""title""><h1>Wrap around Prescription Safety Glasses</h1></div><p>We take special care to ensure that we are crafting quality protective eyewear for our customers. Since no detail is too small, our design is such that it provides comfort, is easy to wear, and provides clear vision. The initial process of creating these wrap around safety glasses is to focus on their built that they can be worn with ease and makes you feel confident that you are safe while working when wearing these. Similar to our different range of safety glasses, our wrap around prescription safety glasses are ANSI approved. Extremely durable and provide complete protection, these safety glasses are helpful in different situations. Adding more to our robust collection of safety glasses, you can find them in different styles, colors, frames, and patterns. Whatever your preferences are, we always bring you the best to protect you from the unwanted content in the working environment.</p></div>"
2451,prescription-safety-goggles,"<div class=""description""><div class=""title""><h1>Prescription Safety Goggles</h1></div><p>Prescription Safety Goggles are crafted with the best material to perform well under demanding circumstances while providing protection, comfort, and grip. CA Glasses has brought you best safety goggles to have limitless fun and provide protection and optical clarity for better sight. Whether at work or while having fun, you need to protect your eyes from the harmful elements in the environment. CA Glasses has launched this amazing range of best safety goggles for men and women to provide complete protection. Available in different colors, styles, and frames, they are a must-have for every other person into machinery work, laboratory, sports, and much more. Safety Goggles are much needed during machinery work to protect your eyes from the heat, harmful elements, and clarity. What are you waiting for? Order one for yourself today!</p></div>"
2452,bifocal-safety-glasses,"<div class=""description""><div class=""title""><h1>Best Bifocal Safety Glasses & Progressive Safety Glasses</h1></div><p>For a clearer vision, one has to be careful with their eyes. Whether working in the oil field or the workshop, you get clearer vision and eye protection using bifocal or progressive safety glasses. These z87 safety glasses combine the advantages of regular eyeglasses with magnifiers, so you do not need to switch between reading glasses and eyeglasses all the time. CA Glasses has brought you an amazing range of bifocal and progressive safety glasses available in different colors, shapes, patterns, frames, and styles that will help you work in a hazardous environment and read your favorite on the go. Available in different lenses options, CA Glasses ensure that all of our safety frames can be fitted with prescription glasses. They are available in bifocal, single vision, and progressive safety glasses. Thus, you can choose from a wide variety of durable frames made up of Metal or Plastic material. What are you waiting for? Order one for yourself and your family today!</p></div>"
2453,transition-safety-glasses,"<div class=""description""><div class=""title""><h1>Transition Safety Glasses</h1></div><p>CA glasses have brought you a range of transition safety glasses, designed using photochromic lenses. The lenses turn into sunglasses under direct sunlight and change back to regular eyeglasses when indoors. Whether you are playing in a field, or working in an industrial setting, or simply using a laptop, eye safety should be a priority. Transition safety glasses are a significant piece against all eye risks, as they are designed from the best materials, to offer comfort and grip, to protect your eye and the area around it. If you are worried about the age and its suitability, well, transition prescription safety glasses offer protection from UV rays, and the strong glare of sunlight hitting the eye.</p></div>"
2454,womens-prescription-safety-glasses,"<div class=""description""><div class=""title""><h1>Women's Prescription Safety Glasses</h1></div><p>Having the right protective equipment is a mandate, given that fully equipped protective gear like a safety glass can prevent eye injury. At CA Glasses, you can choose from a wide range of women's prescription safety glasses. Having the right protective equipment is a mandate, given that fully equipped protective gear like a safety glass can prevent eye injury. At CA Glasses, you can choose from a wide range of women's prescription safety glasses. It goes unsaid that a clear vision is critical for the overall wellbeing of an individual. At CA Glasses, the prescription safety glasses for women consolidate sturdy frames, with exact vision lens magnification. Start by choosing from a couple of frames that can keep your eyes protected.</p></div>"
2455,mens-prescription-safety-glasses,"<div class=""description""><div class=""title""><h1>Men's Prescription Safety Glasses</h1></div><p>One approach to ensure perfect vision at work is by wearing safety glasses. Appropriate eyewear is fundamental, particularly if you work in a production or manufacturing industry. CA glasses have come up with a significant and exclusive range of men?s prescription safety glasses. Your visual care is important, which is the reason CA Glasses has designed protective equipment which is heat resistant, break-proof, sweat-proof, and offers a firm grip. All of these qualities have been induced in every pair of prescription safety glasses for men, whilst offering comfort, durability, clear vision, and appropriate magnification in the lenses. We, at CA Glasses, use a wide range of materials to design high-quality and high-performing safety glasses. Shop from the wide range of men?s prescription safety glasses available at CA Glasses.</p></div>"
2456,cheap-prescription-safety-glasses,"<div class=""description""><div class=""title""><h1>Discount safety glasses & Cheap Prescription Safety Glasses</h1></div><p>CA Glasses is a one-stop shop for all of your eye-related worries, so invest in high-end cheap prescription safety glasses from only $9.95. We give prescription safety glasses utilizing cutting-edge laser technology to make it easier for professionals who conduct heavy-duty work to see clearly. A substantial risk to eyes exists in some work situations due to sawdust, chemicals, & other contaminants. Injuries caused by them can result in a visual loss that can range from temporary to permanent. Safety glasses gives complete coverage for your eyes to protect from harm. Our online assortment of cheap prescription safety glasses includes a diverse choice of fashionable frame designs that fulfill the American National Standard Institute (ANSI Z87) criteria & current Occupational Safety & Health Administration (OSHA) safety regulations. With discount safety glasses, you can keep your eyes protected while also working productively on the job.</p></div>"
2480,sports-goggles,"<div class=""description""><div class=""title""><h1>Unlock Your Athletic Potential with Prescription Sports Goggles</h1></div><p>Step up your game and conquer the competition with our unparalleled selection of sports goggles and prescription sports eyewear. Designed to push boundaries and redefine performance, our Rx sports goggles empower you to dominate every play with unmatched clarity and protection. Engineered with state-of-the-art technology and premium materials, our prescription sports goggles offer unrivaled durability and impact resistance, ensuring you stay focused and confident in every game. From the hardwood to the gridiron, trust CA Glasses to deliver superior quality and style that sets you apart from the rest. Enhance your vision and elevate your game?explore our collection now and experience the ultimate difference in comfort, style, and performance. Don't settle for anything less than excellence?upgrade your eyewear game with CA Glasses today and dominate the competition like never before!</p></div>"
2481,kids-sports-glasses,"<div class=""description""><div class=""title""><h1>Empower Your Young Athlete with Kids Sports Glasses and Goggles</h1></div><p>Give your child the competitive edge they need on the field with our premium range of kids' sports glasses. Designed for comfort, durability, and maximum protection, our sports eyewear ensures your little champion can focus on the game without any hindrance. Whether they're playing soccer, basketball, or hitting the slopes, our prescription sports glasses for kids provide crystal-clear vision and unparalleled safety. With adjustable straps and kid-friendly designs, our sports goggles for kids stay securely in place during every play, giving you peace of mind while they play. Choose from a variety of vibrant colors and fun styles to match your child's personality and preferences, making wearing protective eyewear an enjoyable experience for them. Equip your young athlete with the best tools for success and watch them shine on the field with confidence and clarity.</p></div>"
2482,soccer-goggles,"<div class=""description""><div class=""title""><h1>Kick Up Your Game with Prescription Soccer Glasses & Goggles</h1></div><p>Gear up for success on the soccer field with our premium range of soccer goggles. Designed to enhance your performance and protect your vision, our sports eyewear ensures you can focus on the game with confidence. Whether you're defending the goal or making a breakaway play, our prescription soccer glasses provide crystal-clear vision and superior protection against impacts and glare. With comfortable fits and durable construction, our sports goggles for soccer are your ultimate companion on the pitch. When it's game time, you need gear that helps you perform at your best. Our soccer goggles are designed to do just that?protect your eyes while enhancing your vision. With a comfortable fit and durable construction, our prescription soccer glasses are perfect for players of all levels. Don't let poor vision or glare hold you back?gear up with CA Glasses and dominate the field like never before!</p></div>"
