sku,product_online,name
21203 black,Disabled,21203 BLACK
21203 BLACK-21204,Disabled,Jayce Eyeglasses Black
A2113 C004 GREY,Disabled,Jayce Eyeglasses Grey
A2113 C005 BLACK BROWN,Disabled,Jayce Eyeglasses Brown
21203 blue,Disabled,Hailey Eyeglasses Blue
A113 C3 GREY DEMI,Disabled,Hailey Eyeglasses D2
A113 C9 YELLOW DEMI,Disabled,Hailey Eyeglasses Demi
TR8205 C18 YELLOW DEMI,Disabled,Addison  Eyeglasses Demi
A1856 BLACK,Disabled,Harper Eyeglasses  Black
A1856 BLACK YELLOW,Disabled,Harper Eyeglasses  Blackyellow
A1856 BLACK BLUE,Disabled,Harper Eyeglasses Blue
A1856 GREEN,Disabled,Harper Eyeglasses Green
SDM3011 BLACK ,Disabled,Evelyn Eyeglasses Black
21209 black tortoise,Disabled,Grace Eyeglasses black tortoise
HY81092 BROWN,Disabled,Brooklyn Eyeglasses Brown
HY81047 C2 RED,Disabled,Anna Eyeglasses R1
HY81047 C1 BLACK,Disabled,Anna Eyeglasses Black
H81076 BLACK,Disabled,Kaitlyn Eyeglasses Black
A8828 BLACKDEMI,Disabled,Gabriel Eyeglasses Black
A8828 DEMII,Disabled,Gabriel Eyeglasses Demi
A7011 BLACK,Disabled,Joshua Eyeglasses Black
A1613 PINK,Disabled,Sarah Eyeglasses Pink
TR1816 GOLD DEMI,Disabled,Eli Eyeglasses Gold
TR1816 BROWN,Disabled,Eli Eyeglasses Brown
TR1816 BLACKSILVER,Disabled,Eli Eyeglasses Black
D517 Black,Enabled,"Landon Rx Baseball Basketball Football Goggle Black - Unisex Basketball, Swimming, Bifocal Sports & Safety Sunglasses"
JH046 BLACK,Enabled,Landon Rx Baseball Basketball Football Goggle Transparent - Prescription Sports & Safety Sunglasses
A5022 BLACK C1,Disabled,Samuel Eyeglasses Black
A5022 DEMI&CLEAR C2,Disabled,Samuel Eyeglasses C2
A138 REDDEMI,Disabled,Mila Eyeglasses Red
A138 BLACK,Disabled,Mila Eyeglasses Black
A138 DEMI,Disabled,Mila Eyeglasses Demi
A9134 DEMI C2,Disabled,Elizabeth Eyeglasses Demi
MA9134 BLACK,Disabled,Elizabeth Eyeglasses Black
212230 CLEAR,Disabled,Kylie Eyeglasses CLEAR 
A114  DEMI BROWNC3,Disabled,Kylie Eyeglasses Demi
A114 BLACKGUNC2,Disabled,Kylie Eyeglasses Black
2111 BLACKC001,Disabled,Hunter Eyeglasses 
MA098 BLACK C2,Disabled,Evan Eyeglasses Black
MA098 BROWN C2,Disabled,Evan Eyeglasses Brown
MA098 BLACK BROWN,Disabled,Evan Eyeglasses Demi
MA5012 BLACK,Disabled,Gabriella Eyeglasses Black
MA5012 BLUE C8,Disabled,Gabriella Eyeglasses Purple
MA5012 RED C9,Disabled,Gabriella Eyeglasses Red
FG5013 BLACK,Disabled,Elena Eyeglasses Black
FG5013 GREEN C9,Disabled,Elena Eyeglasses Blue
FG5013 RED C10,Disabled,Elena Eyeglasses Red
A9830 BLACK,Disabled,Savannah Eyeglasses Black
A9830 DEMI,Disabled,Savannah Eyeglasses Demi
A1252 BLACK,Disabled,Maria Eyeglasses Black
A1252 BLACK&BROWN,Disabled,Maria Eyeglasses Brown
A1252 BLACK&YELLOW,Disabled,Maria Eyeglasses Yellow
HM1025 REDDEMI,Disabled,Liliana Eyeglasses Dem
MA5001 BLACK,Disabled,Allison Eyeglasses Black
MA5001 RED,Disabled,Allison Eyeglasses Red
MA5019 DEMI,Disabled,Adam Eyeglasses Demi
L2105 DEMI,Disabled,Aaron Eyeglasses
TRF3026 DEMI,Disabled,Morey Eyeglasses Demi
MA5007 BLACK,Disabled,Reagan Eyeglasses Black
TR9030 BROWN,Disabled,Christopher Eyeglasses Brown
TR9030 DEMI,Disabled,Christopher Eyeglasses Demi
KS806 RED,Disabled,Hudson Kids Rx Sunglasses R - Kids Eyeglasses Online
MA5001 DEMI,Disabled,Allison Eyeglasses Demi
SK2225 GUN,Disabled,Penelope Kids Rx Sunglasses G - Kids Eyeglasses Online
L2112 DEMI,Disabled,Clarksville Eyeglasses Demi
J060 Blue,Disabled,Bentley Rx Baseball Basketball Football Goggle Y - Men's & Women's Prescription Sports Sunglasses
JH070 BLUE,Enabled,Berkley Rx Baseball Basketball Football Goggle Blue - Unisex Prescription Sports Glasses
J060 Black,Enabled,Berkley Rx Baseball Basketball Football Goggle G - Unisex Single Vision & Bifocal Prescription Sports and Safety Sunglasses
SDM3016 BLACK,Disabled,London Eyeglasses Black
SDM3016 PINK,Disabled,London Eyeglasses Pink
TR604 DEMI,Disabled,Bella Eyeglasses Demi
M1378 BLACKC1,Disabled,Yohan Eyeglasses Black
M1378 GUN C2,Disabled,Yohan Eyeglasses Gun
M2708 BLACK/SILVER,Disabled,Louanne Eyeglasses Black
M8201 SILVER,Disabled,Charly Eyeglasses Silver
M8201 BLACK,Disabled,Charly Eyeglasses Black
M22116 GUN,Disabled,Alycia Eyeglasses Gun
M22127 BLACK,Disabled,Alizee Eyeglasses Black
M22127 BLACKSILVER,Disabled,Alizee Eyeglasses Silver
M31895 BROWN,Disabled,Samy Eyeglasses Brown
B612 BLACK,Disabled,Celian Eyeglasses Black
B612 GOLD,Disabled,Celian Eyeglasses Gold
B612 SILVER,Disabled,Celian Eyeglasses Silver
N130 BLACK,Disabled,Bilal Eyeglasses Black
M1023 BLACK,Disabled,Fatoumata Eyeglasses Black
M1023 GUN,Disabled,Fatoumata Eyeglasses Gun
M1023 RED,Disabled,Fatoumata Eyeglasses Red
M1023 BROWN,Disabled,Fatoumata Eyeglasses Brown
M1116 GUN,Disabled,Eve Eyeglasses Gun
M2684 BROWN,Disabled,Walid Eyeglasses Brown
M2686 GUN,Disabled,Paolo Eyeglasses Gun
M8159 BLACK,Disabled,Nael Prscription Eyeglasses Black
M8159 GUN,Disabled,Nael Prescription Eyeglasses  Gun
TRM5096 BLACK,Disabled,Kiara Eyeglasses Black
A8850 BLACK,Disabled,Matteo Eyeglasses Black
TRM3308 PURPLE,Disabled,Melody Eyeglasses Pink
A1615 DEMI,Disabled,Nora Eyeglasses Demi
B919 BROWN,Disabled,Ismael Eyeglasses Brown
B919 GOLD,Disabled,Ismael Eyeglasses Gold 24205 c1
B919 SILVER,Disabled,Ismael Eyeglasses Silver
M9340 GUN,Disabled,Florian Eyeglasses Gun
M9340 BROWN,Disabled,Florian Eyeglasses Brown
A921 Black,Disabled,Marina Cat Eye Women Eyeglasses Black
2148c02,Disabled,Arcadia Eyeglasses Cream
2140co5,Disabled,Atwater Eyeglasses B2
2140c01,Disabled,Atwater Eyeglasses D2
2140c6,Disabled,Atwater Eyeglasses Red
2140c04,Disabled,Atwater Eyeglasses Black
2146c02,Disabled,Benicia Eyeglasses B2
8812c2,Disabled,Campbell Eyeglasses Demi
2145c04,Disabled,Danville Eyeglasses B3
1856c045,Disabled,Escondido Eyeglasses Yellow
5010c05,Disabled,Fillmore Eyeglasses Red
5002c3,Disabled,Groveland Eyeglasses White
BL7012c1,Disabled,Hayfork Eyeglasses Black
2439c23,Disabled,Jamestown Eyeglasses Red
2439c88,Disabled,Jamestown Eyeglasses Blue
2439c01,Disabled,Jamestown Eyeglasses Black
SD2114c5,Disabled,Loomis Eyeglasses Demi
FG5022c02,Disabled,Nipomo Eyeglasses D2
FG5022c5,Disabled,Nipomo Eyeglasses D1
2249col4,Disabled,Oxnard Eyeglasses Demi
2429c04,Disabled,Rancho Eyeglasses Demi
m024col010,Disabled,Salinas Eyeglasses Demi
2267 C-37,Disabled,Shafter Eyeglasses Brown
2267 C-1,Disabled,Shafter Eyeglasses Black
CAT001c3,Disabled,Catalina Eyeglasses Red
CAT001c1,Disabled,Catalina Eyeglasses Black
2147c02,Disabled,Tehachapi Eyeglasses Red
2139c06,Disabled,Tiburon Eyeglasses Demi
CAT-005c5,Disabled,Upland Eyeglasses B2
CAT-005c6,Disabled,Upland Eyeglasses B1
CAT-005c3,Disabled,Upland Eyeglasses B4
CAT-005c2,Disabled,Upland Eyeglasses B3
GM231c1,Disabled,Valencia Eyeglasses Black
2143c03,Disabled,Yountville Eyeglasses White
2141c05,Disabled,Alhambra Eyeglasses Brown
E9855c2,Disabled,Berkeley Eyeglasses BlackBlue
E9855c1,Disabled,Berkeley Eyeglasses Black
E9855c5,Disabled,Berkeley Eyeglasses Demi
2142 C1,Disabled,Beacon Eyeglasses
8510 c2 black,Enabled,Geneva Polarized Clip-On Rx Sunglases - Men & Women Prescription Eyeglasses
SS713 Black Sun,Enabled,"Matrix D2 Prescription Safety Sports Sunglasses - Rx Sports Sunglasses for Men's and Women's Sunglasses, Motorcycle Sunglasses"
FX8177 BLACK GM229 C1 black,Enabled,Fusion Prescription Safety & Sports Glasses C1
SS713 Black Clear,Enabled,"Matrix Rx Safety Glasses D2 for Sports, Motorcycle, Cycling"
SL43,Enabled,"Bluebird with Rx INSERT Safety Goggle for Sports, Motorcycle - Men's & Women's Bifocal Safety Glasses"
J137 black clear,Enabled,Matrix Laguna Prescription Safety Glasses
FX8177 BLACK GM231 C1,Enabled,Fusion Prescription Safety & Sports Glasses M1
S54E safety orange,Enabled,"Fusion Rx Safety Goggles W1 -Unisex, Bifocal  Safety Glasses 39 Dollar, Semi Rimless, Plastic"
SS188 Safety Black,Disabled,"Fusion Rx Safety Glasses K2 - Unisex Prescription Safety glasses for Running, Motorcycle"
TR90 6085 c3,Disabled,Bellevue Prescription Eyeglasses
TR90 6085 c4,Disabled,Syracuse Prescription Eyeglasses
2057 White,Disabled,"Hayward Prescription Sports Glasses - Unisex Full Rim Eyeglasses, Single Vision, Bifocal, Sports Glasses"
ss205 black sun F3081,Enabled,Tacoma Rx Sports Sunglasses - Discount Precription Sports and Safety Sunglasses for Ski and Snowboard
ss160,Disabled,"Spokane Prescription Sunglasses - 59 Dollars Prescription & Safety Glasses for Running, Motorcycle"
ss327,Enabled,Amarillo Rx Sports Sunglasses Black - ANSI Z87.1 Certified
FX A607 ss599 jds1801 sports,Enabled,Yonkers Rx Sports Sunglasses - Prescription Sports and safety Glasses for Running
st135,Enabled,"Laredo Rx Sports Sunglasses - Unisex Prescription Sunglasses for Running, Motorcycle"
st203 obl x7,Enabled,Hollister Rx Sports Sunglasses (Foam Seal)
J129 Taiwan Blue Clear Lenses,Disabled,"Matrix Rx Safety Glasses Chandler for Motorcycle, Safety, Basketball"
st135 Safety,Enabled,"Laredo Rx Safety Glasses - Basketball Glasses, Men's & Women's Bifocal, Polarized Safety Glasses"
FX A607 ss509  jds1801 safety,Enabled,Yonkers Rx Safety Glasses -Men & Women Prescription Sports Glasses
ss327 safety,Enabled,Fusion Amarillo Prescription Safety Glasses Black -- ANSI Z87.1 Rated
ss160 safety,Disabled,Spokane Rx Safety Glasses - Unisex Precription Sports & Safety Glasses for Basketball
ss205 Safety Black F3081,Enabled,"Tacoma Rx Safety Glasses - Progressive, Full Rim for Basketball Glasses, Unisex Glasses"
8522 c3,Enabled,Fillmore Polarized Clip-On Rx Sunglases Men & Women Prescription Eyeglasses
8503 c5,Enabled,Valencia Prescription Clip-On Sunglases and Eyeglasses
8515 c5,Enabled,Capitola Polarized Clip-On Rx Sunglasses - Men and Women Prescription Glasses
j137 Red Clear,Disabled,"Matrix RX Safety Glasses Mandalay for Manufacuring, Construction and Tactical"
j137 red sun,Disabled,"Matrix Mandalay Prescription Safety Sports Sunglasses - Unisex Rx Sports, Safety Glasses for, Basketball, Mountain and Road Bike"
J137 black sun,Enabled,"Matrix Laguna Prescription Safety Sports Sunglasses -Unisex Rx Sports, Safety Glasses for, Basketball, Mountain and Road Bike, Motorcycle"
j126 Blue Clear,Enabled,"Matrix Whitney Prescription Safety Glasses -Unisex Rx Sports, Safety Glasses for, Basketball, Mountain and Road Bike"
j152 black sun lenses,Enabled,"Matrix Marina Prescription Safety Sports Sunglasses - Unisex Rx Sports Discount Sunglasses, Running, Ski and Snowboard, Motorcycle"
Q52 blue sunglasses,Enabled,"Matrix Venice Prescription Safety Sports Sunglasses - Men's & Wonen's Sunglasses, Running Sunglasses, Motorcycle Sunglasses"
j152 black clear,Enabled,"Matrix Marina Prescription Safety Glasses - Men & Women Motorcycle, Indutrial and Shooting Glasses"
Q52 Black Sun,Enabled,"Matrix Bayshore Prescription Fashion Safety Sports Sunglasses - Rx Sports and Safety Glasses for Cycling, Jogging or Racquet Sports"
DM18077 Blue,Disabled,Matrix Seaside Prescription Safety Sports Sunglasses - Women's Metal Eyeglasses
GM229 C2 3121 gun,Enabled,Fusion Prescription Safety & Sports Glasses C2
FX8177 GM231c2 SILVER,Enabled,Fusion Prescription Safety & Sports Glasses M2 
Q52 Black Clear,Enabled,"Matrix Bayshore Prescription Safety Glasses - ANSI Z87.1 Certified - Industrial, Construction or Tactical"
s006 blue,Enabled,Fusion Plano  Prescription Safety Glasses Blue - ANSI Z87.1 Certified Stamped
S007 Black,Enabled,Fusion Omaha Prescription Safety Glasses Black - - ANSI Z87.1 Certified Stamped
Q52 Blue Clear Lenses,Enabled,"Matrix Venice Prescription Safety Glasses - ANSI Z87.1 Certified - Industrial, Construction or Tactical"
S005 orange,Enabled,Fusion Toledo  Prescription Safety Glasses Orange - ANSI Z87.1 Certified Stamped 
ss713 Silver Clear,Enabled,"Matrix S713G Prescription Safety Glasses ANSI Z87.1 -  Industrial, Construction or Tactical"
Facls1009,Disabled,Woodbridge Acetate Eyeglasses Black
Jacls0003,Disabled,Clinton Acetate Eyeglasses Demi Amber
Jacls0004,Disabled,Clinton Acetate Eyeglasses Black
Jacls0039,Disabled,Clinton Acetate Eyeglasses Black Demi
Javin0028-C01,Disabled,Vista Acetate Eyeglasses Black
Javin0028-C02,Disabled,Vista Acetate Eyeglasses Black Demi Amber
Javin0028-C03,Disabled,Vista Acetate Eyeglasses Demi Amber
L053 Black,Disabled,Davenport Light Weight Eyeglasses Black
L053 Blue,Disabled,Davenport Light Weight Eyeglasses Blue Clear
L053 Gray,Disabled,Davenport Light Weight Eyeglasses Gray Clear
L053 Pink,Disabled,Davenport Light Weight Eyeglasses Pink Clear
L055 Black,Disabled,Renton Light Weight Eyeglasses Black
L055 Brown,Disabled,Renton Light Weight Eyeglasses Brown
M035 Demi,Disabled,Burbank Half Rim Eyeglasses Demi Amber
M035 Red,Disabled,Burbank Half Rim Eyeglasses Red
M3028 Blue,Disabled,Norwalk Prescription Eyeglasses Blue Clear
M8007 Demi,Disabled,Meridian Half Rim Eyeglasses Demi Amber
M8007 Black,Disabled,Meridian Half Rim Eyeglasses Black
A0602-C2,Disabled,Hillsboro Acetate Eyeglasses Green
A2005 Black,Disabled,Greeley Prescription Eyeglasses Black
A2005 Clear,Disabled,Greeley Prescription Eyeglasses Clear
A2102 C1,Disabled,Inglewood Acetate Eyeglasses Black
A2102 C2,Disabled,Inglewood Acetate Eyeglasses C2
A2102 C3,Disabled,Inglewood Acetate Eyeglasses C3
SS713 Silver Sun,Enabled,"Matrix S713G Prescription Safety Sports Sunglasses - Running, Cycling or Baseball Glasses"
2108 C1,Disabled,Allen Acetate Prescription Eyeglasses Black
A2201 C2 Blue,Disabled,Sparks Prescription Eyeglasses Blue
A2201 C7 Brown,Disabled,Sparks Prescription Eyeglasses Brown
S713 Blue Clear,Enabled,"Matrix S713  Blue Prescription Safety Glasses ANSI Z87.1 -  Industrial, Construction or Tactical"
S713 Red Clear,Enabled,"Matrix S713  Red Prescription Safety Glasses ANSI Z87.1 - Industrial, Construction or Tactical"
SS713 Red Sun,Enabled,"Matrix S713  Prescription Safety Sports Sunglasses Red - Running, Cycling or Baseball Glasses"
ss713 blue sun,Enabled,"Matrix S713 Prescription Safety Sports Sunglasses Blue - Running, Cycling or Baseball Glasses"
8505 c4,Enabled,Newhall Polarized Clip On Prescription Sunglasses and Eyeglasses
8506 c3,Enabled,Norco Polarized Clip On Prescription Sunglasses and Eyeglasses
8312 c1,Enabled,Provo Polarized Clip On Prescription Sunglasses and Eyeglasses
B6211 Black j152,Enabled,Norfork Prescription Safety Glasses Black ANSI Z87.1 Rated
b6211 blue,Disabled,Norfork Prescription Safety Glasses Blue -- ANSI Z87.1 Rated
UY030 blue,Enabled,"Matrix Hampton Prescription Safety Glasses - ANSI Z87.1 Certified - Industrial, Construction or Tactical"
UY030 silver,Enabled,"Matrix Torrance Prescription Safety Glasses - ANSI Z87.1 Certified - Industrial, Construction or Tactical"
UY030 black,Enabled,"Matrix Daytona Prescription Safety Glasses -- ANSI Z87.1 Certified - Industrial, Construction or Tactical"
M188 Safety,Enabled,Frisco Aviator Prescription Safety Glasses -- Impact Resistant Side Shields
D517 Orange,Disabled,Arcadia Prescription Sports & Motorcycle Goggles -- Soft Foam Padded and Sealed
862 basketball black,Enabled,"Kerman Prescription Sports Goggles --  Baseball, Soccer,  Basketball and Football Glasses"
S9076 Gold,Disabled,Rochester Polarized Clip On Prescription Sunglasses - Memory Titanium - Gold
8311 c3,Enabled,Rochester Polarized Clip On Prescription Sunglasses and Eyeglasses
s9266 black,Disabled,Arvada Polarized Clip On Prescription Sunglasses Black - 2 Clips
8310 c4,Enabled,Arvada Polarized Clip On Prescription Sunglasses and Eyeglasses 
8309 c5,Enabled,Evans Polarized Clip On Prescription Sunglasses and Eyeglasses 
8308 c5,Disabled,Allentown Polarized Clip On Prescription Sunglasses and Eyeglasses
8307 c5,Disabled,Pearland Polarized Clip On Prescription Sunglasses and Eyeglasses
A910 black c1,Disabled,Everett Cat Eye Prescription Eyeglasses Black
A910 Red C67,Disabled,Everett Cat Eye Prescription Eyeglasses Red
A910 C90 Amber,Disabled,Everett Cat Eye Eyeglasses Tortoise
A961 black c1,Disabled,Costa Cat Eye Prescription Eyeglasses Black
SAT 1708 black,Enabled,Rockford Cat Eye Prescription Sunglasses Black
S54E Grey,Enabled,Fusion Prescription Safety Goggles W2 -- ANSI Z87.1 Rated
S54E Black,Enabled,Fusion Prescription Safety Goggles W3 -- ANSI Z87.1 Rated
s54e black blue,Enabled,Fusion Prescription Safety Goggles W6 - ANSI Z87.1 Rated
s005 black,Enabled,Fusion Toledo  Prescription Safety Glasses Black - ANSI Z87.1 Certified Stamped
s005 blue,Enabled,Fusion Toledo  Prescription Safety Glasses Blue - ANSI Z87.1 Certified Stamped
s005 clear,Enabled,Fusion Toledo  Prescription Safety Glasses Clear - ANSI Z87.1 Certified Stamped
s007 blue,Enabled,Fusion Omaha Prescription Safety Glasses Blue Clear - ANSI Z87.1 Certified Stamped
s007 Red,Enabled,Fusion Omaha Prescription Safety Glasses Red Clear - - ANSI Z87.1 Certified Stamped
s007 grey,Enabled,Fusion Omaha Prescription Safety Glasses Grey - - ANSI Z87.1 Certified Stamped
s006 red,Enabled,Fusion Plano  Prescription Safety Glasses Red - ANSI Z87.1 Certified Stamped
8305 c1,Enabled,Ontario Polarized Clip On Prescription Sunglasses For Men and Women
8508 c5,Disabled,Vancouver Aviator Prescription Sunglasses and Eyeglasses -  Polarized Clip On 
uv030 black sun,Enabled,"Matrix Daytona Prescription Sports Sunglasses - ANSI Z87.1 Certified - Cycling, Running or Baseball Glasses"
126 blue sun,Enabled,Matrix Whitney Prescription Sports Sunglasses - Z87 and CSA Certified
uv030 silver sun,Enabled,"Matrix Torrance Prescription Sports Sunglasses - ANSI Z87.1 Certified - Cycling, Running or Baseball Glasses"
uv030 blue sun,Enabled,"Matrix Hampton Prescription Sports Sunglasses - ANSI Z87.1 Certified - Cycling, Running or Baseball Glasses"
ss205 red 3081,Enabled,Tacoma Prescription Safety Glasses Red -- ANSI Z87.1 Rated
ss205 red sunglasses 3081,Enabled,Tacoma Prescription Sports Sunglasses Red -- ANSI Z87.1 Certified
ss205 blue,Enabled,Tacoma Prescription Safety Glasses Blue -- ANSI Z87.1 Rated
ss205 blue sun,Enabled,Tacoma Prescription Sports Sunglasses Blue -- ANSI Z87.1 Rated
st203 black safety obl X7,Enabled,Hollister Prescription Safety Glasses - Ansi Z87.1 Certified with Foam Seal
OBL H057 Silver,Enabled,Matrix Blackcomb Prescription Ski and Snowboard Goggles Silver - Dual Anti Fog Lenses - Impact Resistance and Magnetic Interchangeable Lenses 
OBL H057 Red,Enabled,Matrix Blackcomb Prescription Ski and Snowboard Goggles Red - Dual Anti Fog Lenses - Impact Resistance and Magnetic Interchangeable Lenses 
OBL H056 Green,Enabled,Matrix SilverStar Prescription Ski and Snowboard Goggles Green - Dual Layer Anti Fog Lenses - Impact Resistance and UV Blocking Lenses
OBL H056 Silver,Enabled,Matrix SilverStar Prescription Ski and Snowboard Goggles Silver - Dual Layer Anti Fog Lenses - Impact Resistance and UV Blocking Lenses
OBL h020 blue,Enabled,Matrix Hero Kids and Youth Prescription Ski and Snowboard Goggles Blue - Dual Layer Anti Fog Lenses - Impact Resistance and UV Blocking Lenses
OBL h019 silver,Disabled,Matrix Tahoe Prescription Ski and Snowboard Goggles Silver - Dual Layer Anti Fog Lenses - Impact Resistance and UV Blocking Lenses
OBL h019 Blue,Disabled,Matrix Tahoe Prescription Ski and Snowboard Goggles Blue - Dual Layer Anti Fog Lenses - Impact Resistance and UV Blocking Lenses
h075 silver lenses black frame,Enabled,Flip Up Keystone Prescription Ski and Snowboard Goggles Silver - Flip Up Design - Dual Layer Anti Fog Lenses - Impact Resistance and UV Blocking Lenses
H075 BLUE LENSES BLACK FRAME,Enabled,Flip Up Keystone Prescription Ski and Snowboard Goggles Blue - Flip Up Design -  Dual Layer Anti Fog Lenses - Impact Resistance and UV Blocking Lenses
h075 purple lenses,Enabled,Flip Up Keystone Prescription Ski and Snowboard Goggles Matte Purple - Flip Up Design - Dual Layer Anti Fog Lenses - Impact Resistance and UV Blocking Lenses
H075 yellow lenses black frame,Enabled,Flip Up Keystone Prescription Ski and Snowboard Goggles Yellow - Dual Layer Anti Fog Lenses - Impact Resistance and UV Blocking Lenses
H075 Red Lenses Red Frame,Enabled,Flip Up Keystone Prescription Ski and Snowboard Goggles Red - Dual Layer Anti Fog Lenses - Impact Resistance and UV Blocking Lenses
j61 blue,Disabled,Matrix Mountaineer Prescription Safety Sports Glasses -- ANSI and CSA Certified -- Soft Foam Seal -- Interchangeable Headband
j61 blue sports,Disabled,"Matrix Mountaineer Prescription Sports Glasses -- Removable Soft Foam Seal -- Basketball, Baseball, Football and Motorcycle"
FX3024 PINK F0295 safety,Enabled,Matrix Mist Prescription Safety Glasses - ANSI Z87.1 Certified
FX3024 F0346 safety,Enabled,Matrix Logan Prescription Safety Glasses - ANSI Z87.1 Certified
FX003 sand black F0246 black safety,Enabled,Matrix Rainier Prescription Safety Glasses - ANSI Z87.1 Certified - Industrial Construction and Tactical Glasses
FX003 SAND BLACK F0246 black sports,Enabled,Matrix Rainier Prescription Sports Glasses and Sunglasses 
FX3024 F0346 black sports,Enabled,Matrix Logan Prescription Sports Glasses and Sunglasses
FX3024 0295 Sports PINK,Enabled,Matrix Mist Prescription Sports Glasses & Sunglasses
H005 revo GREEN,Enabled,Matrix Durango Prescription Ski and Snowboard Goggles - Revo Lenses - Dual Layer Anti Fog Lenses - Impact Resistance and UV Blocking
h018 red,Enabled,Matrix Aspen Prescription Ski and Snowboard Goggles Red - Dual Layer Anti Fog Lenses - Impact Resistance and UV Blocking Snow Glasses
h005 pink red,Enabled,Matrix Durango Prescription Ski and Snowboard Goggles - Revo Red Lenses - Dual Layer Anti Fog Lenses - Impact Resistance and UV Blocking
h018 blue,Enabled,Matrix Aspen Prescription Ski and Snowboard Goggles Blue - Dual Layer Anti Fog Lenses - Impact Resistance and UV Blocking Snow Glasses
h018 silver,Enabled,Matrix Aspen Prescription Ski and Snowboard Goggles Silver - Dual Layer Anti Fog Lenses - Impact Resistance and UV Blocking Snow Glasses
8325 tortoise mu003,Enabled,"Fusion Seattle Prescription Safety Glasses Tortoise -- Best Protective Eyewear For Doctors, Nurses or Office Workers"
5270 clear grey mu003,Enabled,"Fusion Seattle Prescription Safety Glasses Grey -- Best Protective Eyewear For Doctors, Nurses or Office Workers"
8325 clear mu003,Enabled,"Fusion Seattle Prescription Safety Glasses Clear -- Best Protective Eyewear For Doctors, Nurses or Office Workers"
5270 pink mu003,Enabled,"Fusion Seattle Prescription Safety Glasses Pink -- Best Protective Eyewear For Doctors, Nurses or Office Workers"
FX3024 BLUE,Enabled,"Matrix Sparks Prescription Sports Glasses WhiteBlue - ANSI Z87.1 Certified - Running, Cycling and Hunting Sunglasses"
so2988 blue,Enabled,"Pismo Prescription Swimming Goggle - Blue Swimming Glasses - Nose Clip, Ear Plugs and Watertight Case Included"
so2988 black,Enabled,"Pismo Prescription Swimming Goggle - Black Swimming Glasses - Nose Clip, Ear Plugs and Watertight Case Included"
so2988 red,Enabled,"Pismo Prescription Swimming Goggle - Red Swimming Glasses - Nose Clip, Ear Plugs and Watertight Case Included"
u030 red,Enabled,"Matrix Moonstone Prescription Sports Sunglasses - ANSI Z87.1 Certified - Cycling, Running or Baseball Glasses"
so2988 clear,Enabled,"Pismo Prescription Swimming Goggle - Clear Swimming Glasses - Nose Clip, Ear Plugs and Watertight Case Included"
A8001 Green,Enabled,Alameda Prescription Sunglasses Green
AC8006 Green,Enabled,AC8006 Cat Eye Prescription Sunglasses Green
AC8006 Pink,Enabled,AC8006 Cat Eye Prescription Sunglasses Pink
8303 c5,Enabled,Ceres Polarized Clip On Prescription Sunglasses For Women
8306 c2,Enabled,Covina Polarized Clip On Rx Sunglasses For Men and Women
8509 c4,Disabled,Dana Polarized Clip On Rx Sunglasses and Eyeglasses For
G5228 C1,Disabled,Delano Polarized Clip On Rx Sunglasses For Women - Cat Eye Black Acetate
8301 C5,Enabled,Delano Polarized Clip On Rx Sunglasses For Men and Women
G5276 Black,Disabled,Dorris Polarized Clip On Rx Sunglasses For Women - Cat Eye Black Acetate
G5276 Green,Disabled,Dorris Polarized Clip On Rx Sunglasses For Women - Cat Eye Green Acetate
8313 c4,Disabled,Dorris Polarized Clip On Rx Sunglasses For Women - Accetate Eyeglasses
GS5024,Enabled,Etna Cat Eye Prescription Sunglasses Black Acetate For Women 
GS5024 orange,Enabled,Etna Cat Eye Prescription Sunglasses Orange Acetate For Women 
GS5025 blue,Enabled,Eureka Cat Eye Prescription Sunglasses Blue Acetate For Women 
G5026 black,Enabled,Exeter Prescription Sunglasses Black Acetate
G5026 blue,Enabled,Exeter Prescription Sunglasses Blue Acetate
TR211 Black 3035,Enabled,Ferndale Prescription Sunglasses Black Acetate
TR211 Grey,Enabled,Ferndale Prescription Sunglasses Grey Acetate
TR211 Brown,Enabled,Ferndale Prescription Sunglasses Brown Acetate
so2988 purple,Enabled,"Pismo Prescription Swimming Goggle - Purple Swimming Glasses - Nose Clip, Ear Plugs and Watertight Case Included"
so2988 Grey,Enabled,"Pismo Prescription Swimming Goggle - Grey Swimming Glasses - Nose Clip, Ear Plugs and Watertight Case Included"
L010 Black,Enabled,Irwindale Prescription Sports Glasses - Non Slip Temples - Interchangeable Head Strap
JDY125,Enabled,"Matrix Aspen Prescription Sports Sunglasses -- ANSI Z87.1 Certified -- Cycling, Jogging and Golfing"
JDY125 clear,Enabled,Matrix Aspen Prescription Safety Glasses -- ANSI Z87.1 Certified -- Spring Hinge
JDSY068 3057,Enabled,Matrix Hurricane Prescription Safety Glasses -- ANSI Z87.1 Certified -- Spring Hinge
JDSY068 sun 3057,Enabled,"Matrix Hurricane Prescription Sports Sunglasses -- ANSI Z87.1 Certified -- Cycling, Jogging and Golfing"
JDSY063 3071,Enabled,"Matrix Palisade Prescription Sports Sunglasses -- ANSI Z87.1 Certified -- Cycling, Jogging and Golfing"
JDSY063 clear 3071,Enabled,Matrix Palisade Prescription Safety Glasses -- ANSI Z87.1 Certified -- Spring Hinge
FX A607 JDS 1801 SAFETY,Enabled,Matrix Glenwood Prescription Safety Glasses -- ANSI Z87.1 Certified -- Spring Hinge
FX A607 JDS 1801 sun,Enabled,"Matrix Glenwood Prescription Sports Sunglasses -- ANSI Z87.1 Certified -- Cycling, Tennis and Baseball"
SG2886S03,Enabled,"Matrix Eagle Prescription Sports Sunglasses -- ANSI Z87.1 Certified -- Cycling, Tennis and Baseball"
SG2886S03-1,Enabled,Matrix Eagle Prescription Safety Glasses -- ANSI Z87.1 Certified -- Spring Hinge
jx9103 FX3064 black,Enabled,"Matrix Aurora Prescription Safety Sports Sunglasses -- Jogging, Cycling and Golfing Glasses"
jds2064y424,Enabled,"Matrix Cortez Prescription Safety Sports Sunglasses -- Jogging, Cycling and Golfing Glasses"
JX039,Disabled,Matrix Casper Prescription Safety Sports Glasses -- ANSI Z87.1 Certified Sunglasses -- Spring Hinge
H057 Yellow Lenses,Enabled,Matrix Anvik Prescription Ski and Snowboard Goggles Yellow - Dual Layer Anti Fog Lenses - Impact Resistance and UV Blocking Snow Glasses
h075 red red,Enabled,Flip Up Anvik Prescription Ski and Snowboard Goggles Blue White - Dual Layer Anti Fog Lenses - Impact Resistance and UV Blocking Snow Glasses
H057 Green,Enabled,Matrix Anvik Prescription Ski and Snowboard Goggles Green - Dual Layer Anti Fog Lenses - Impact Resistance and UV Blocking Snow Glasses
h056 red,Enabled,Matrix Cypress Prescription Ski and Snowboard Goggles Red - Dual Layer Anti Fog Lenses - Impact Resistance and UV Blocking Snow Glasses
h056 blue,Enabled,Matrix Cypress Prescription Ski and Snowboard Goggles Blue - Dual Layer Anti Fog Lenses - Impact Resistance and UV Blocking Snow Glasses
h056 silver,Enabled,Matrix Cypress Prescription Ski and Snowboard Goggles Silver - Dual Layer Anti Fog Lenses - Impact Resistance and UV Blocking Snow Glasses
h056 black,Enabled,Matrix Cypress Prescription Ski and Snowboard Goggles Black - Dual Layer Anti Fog Lenses - Impact Resistance and UV Blocking Snow Glasses
H056 GREEN,Enabled,Matrix Cypress Prescription Ski and Snowboard Goggles Green - Dual Layer Anti Fog Lenses - Impact Resistance and UV Blocking Snow Glasses
H057 Blue Lenses,Enabled,Matrix Blackcomb Prescription Ski and Snowboard Goggles Blue - Dual Anti Fog Lenses - Impact Resistance and Magnetic Interchangeable Lenses 
H057 Purple,Enabled,Matrix Blackcomb Prescription Ski and Snowboard Goggles Purple - Dual Anti Fog Lenses - Impact Resistance and Magnetic Interchangeable Lenses 
sp0853 black,Enabled,"Creston Prescription Sports Goggles Black--  Baseball, Soccer,  Basketball and Football Glasses"
sp0853 black red,Enabled,"Creston Prescription Sports Goggles Black Red --  Baseball, Soccer,  Basketball and Football Glasses"
sp0853 red,Enabled,"Creston Prescription Sports Goggles Red --  Baseball, Soccer,  Basketball and Football Glasses"
sp0853 blue,Enabled,"Creston Prescription Sports Goggles Blue --  Baseball, Soccer,  Basketball and Football Glasses"
sp0853 grey,Enabled,"Creston Prescription Sports Goggles Grey --  Baseball, Soccer,  Basketball and Football Glasses"
KA0204 C2 Sports,Enabled,"Matrix Anaconda Prescription Sports Sunglasses Black - Cycling, Running or Baseball Glasses"
KA0612 C6,Enabled,"Matrix Denton Prescription Sports Sunglasses For Men and Women Black - Cycling, Running and Baseball Glasses"
KA0204 C6 Sports,Disabled,"Matrix Anaconda Prescription Sports Sunglasses Tortoise For Men & Women - Cycling, Running or Baseball Glasses"
KA0204 C6 Safety,Disabled,"Matrix Anaconda Prescription Safety Glasses Tortoise - ANSI Z87.1 Certified -  Construction, Industrial or Tactical Glasses"
KA0204 C2 Safety,Enabled,"Matrix Anaconda Prescription Safety Glasses Black - ANSI Z87.1 Certified -  Construction, Industrial or Tactical Glasses"
KA0203 C2 safety,Disabled,"Matrix Ennis Prescription Safety Glasses C2 - ANSI Z87.1 Certified - Construction, Industrial or Tactical Glasses"
KA0510 C12 safety,Enabled,"Matrix Upton Prescription Safety Glasses Silver - ANSI Z87.1 Certified - Construction, Industrial or Tactical Glasses"
KA0510 C1 safety,Enabled,"Matrix Upton Prescription Safety Glasses Black - ANSI Z87.1 Certified - Construction, Industrial or Tactical Glasses"
KA0611 C6 safety,Enabled,"Matrix Salem Prescription Safety Glasses Blue - ANSI Z87.1 Certified - Construction, Industrial or Tactical Glasses"
KA0611 C10 safety,Enabled,Matrix Salem Prescription Safety Glasses Clear - ANSI Z87.1 Certified - Industrial or Tactical Glasses
KA0612 C8,Enabled,"Matrix Denton Prescription Sports Sunglasses For Men and Women Tortoise - Cycling, Running and Baseball Glasses"
KA0612 C10,Enabled,"Matrix Denton Prescription Sports Sunglasses For Men and Women Clear - Cycling, Running and Baseball Glasses"
KA0612 C8 safety,Enabled,"Matrix Denton Prescription Safety Glasses Tortoise - ANSI Z87.1 Certified - Construction, Industrial and Tactical Glasses"
KA0612 C6 safety,Enabled,"Matrix Denton Prescription Safety Glasses Black - ANSI Z87.1 Certified - Construction, Industrial and Tactical Glasses"
KA0407 C11 sports,Enabled,"Matrix Sidney Prescription Sports Sunglasses Blue For Men and Women - Baseball, Cycling and Running Glasses"
KA0407 C11 safety,Enabled,"Matrix Sidney Prescription Safety Glasses Blue - ANSI Z87.1 Certified - Industrial, Construction and Tactical Glasses"
KA0407 C7 safety,Enabled,"Matrix Sidney Prescription Safety Glasses Tortoise - ANSI Z87.1 Certified - Industrial, Construction and Tactical Glasses"
KA0408 C1 Safety,Enabled,"Matrix Shelby Prescription Safety Glasses Black - ANSI Z87.1 Certified - Industrial, Construction and Tactical Glasses"
KA0510 C2 Sports,Enabled,"Matrix Upton Prescription Sports Sunglasses C2 For Men and Women - Cycling, Tennis and Baseball Glasses"
KA0510 C4,Disabled,"Matrix Upton Prescription Sports Safety Sunglasses C4 For Men and Women - Cycling, Tennis and Baseball Glasses"
KA0510 C7,Enabled,"Matrix Upton Prescription Sports Safety Sunglasses Grey - Cycling, Tennis and Baseball Glasses"
KA0510 C8,Enabled,"Matrix Upton Prescription Sports Safety Sunglasses Demi Amber - Cycling, Tennis and Baseball Glasses"
KA0510 C9,Disabled,"Matrix Upton Prescription Sports Safety Sunglasses Tortoise - Cycling, Tennis and Baseball Glasses"
KA0510 C10,Disabled,"Matrix Upton Prescription Sports Safety Sunglasses Blue - Cycling, Tennis and Baseball Glasses"
KA0510 C11,Enabled,"Matrix Upton Prescription Sports Safety Sunglasses White - Cycling, Tennis and Baseball Glasses"
KA0510 C12,Enabled,"Matrix Upton Prescription Sports Safety Sunglasses Silver For Men and Women - Cycling, Running and Baseball Glasses"
KA0510 C13,Disabled,"Matrix Upton Prescription Sports Safety Sunglasses Stardust For Men and Women - Cycling, Tennis and Baseball Glasses"
KA0611 C1,Enabled,"Matrix Salem Prescription Sports Safety Sunglasses Black For Men and Women - Cycling, Running and Baseball Glasses"
KA0611 C6,Enabled,"Matrix Salem Prescription Sports Safety Sunglasses Blue For Men and Women - Cycling, Running and Baseball Glasses"
KA0611 C7,Disabled,"Matrix Salem Prescription Sports Safety Sunglasses Grey - Cycling, Tennis and Baseball Glasses"
KA0611 C8,Enabled,"Matrix Salem Prescription Sports Safety Sunglasses Black Blue For Men and Women - Cycling, Running and Baseball Glasses"
KA0611 C10,Enabled,"Matrix Salem Prescription Sports Safety Sunglasses Clear For Men and Women - Cycling, Running and Baseball Glasses"
KA0611 C11,Disabled,"Matrix Salem Prescription Sports Safety Sunglasses Stardust - Cycling, Tennis and Baseball Glasses"
KA0102 C1,Enabled,"Matrix Victor Prescription Sports Safety Sunglasses Black For Men and Women - Cycling, Running and Baseball Glasses"
KA0102 C2,Enabled,"Matrix Victor Prescription Sports Safety Sunglasses Blue For Men and Women - Cycling, Tennis and Baseball Glasses"
KA0102 C4,Enabled,"Matrix Victor Prescription Sports Safety Sunglasses Grey For Men and Women - Cycling, Running and Baseball Glasses"
KA0102 C6,Enabled,"Matrix Victor Prescription Sports Safety Sunglasses Tortoise For Men and Women - Cycling, Running and Baseball Glasses"
KA0102 C8,Disabled,"Matrix Victor Prescription Sports Safety Sunglasses Demi Amber For Men and Women - Cycling, Running and Baseball Glasses"
KA0102 C11,Disabled,"Matrix Victor Prescription Sports Safety Sunglasses Silver For Men and Women - Cycling, Jogging and Baseball Glasses"
KA0203 C1,Enabled,"Matrix Ennis Prescription Sports Safety Sunglasses Black For Men and Women - Cycling, Running and Baseball Glasses"
KA0203 C2 sports,Disabled,"Matrix Ennis Prescription Sports Safety Sunglasses C2 - Cycling, Tennis and Baseball Glasses"
KA0203 C5,Enabled,"Matrix Ennis Prescription Sports Safety Sunglasses Grey - Cycling, Tennis and Baseball Glasses"
KA0203 C6,Disabled,"Matrix Ennis Prescription Sports Safety Sunglasses Green - Cycling, Tennis and Baseball Glasses"
KA0203 C7,Enabled,"Matrix Ennis Prescription Sports Safety Sunglasses Tortoise - Cycling, Tennis and Baseball Glasses"
KA0203 C8,Disabled,"Matrix Ennis Prescription Sports Safety Sunglasses Demi Amber - Cycling, Tennis and Baseball Glasses"
KA0203 C9,Enabled,"Matrix Ennis Prescription Sports Safety Sunglasses Brown - Cycling, Tennis and Baseball Glasses"
KA0203 C11,Disabled,"Matrix Ennis Prescription Sports Safety Sunglasses C11 - Cycling, Tennis and Baseball Glasses"
KA0203 C9 safety,Enabled,"Matrix Ennis Prescription Safety Glasses Brown - ANSI Z87.1 Certified - Construction, Industrial and Tactical Glasses"
KA0305 C10,Enabled,"Matrix Belgrade Prescription Sports Safety Sunglasses Silver For Men and Women - Cycling, Running and Baseball Glasses"
KA0305 C8,Enabled,"Matrix Belgrade Prescription Sports Safety Sunglasses Blue For Men and Women - Cycling, Running and Baseball Glasses"
KA0305 C8 safety,Enabled,"Matrix Belgrade Prescription Safety Glasses Blue - ANSI Z87.1 Certified - Construction, Industrial and Tactical Glasses"
KA0305 C10 safety,Enabled,Matrix Belgrade Prescription Safety Glasses Silver - ANSI Z87.1 Certified - Industrial Construction or Tactical Glasses
KA0101 C7 safety,Enabled,"Matrix Chinook Prescription Safety Glasses Blue - ANSI Z87.1 Certified - Industrial, Construction and Tactical Glasses"
KA0101 C9 safety,Enabled,Matrix Chinook Prescription Safety Glasses Tortoise - ANSI Z87.1 Certified - Industrial Construction and Tactical Glasses
KA0101 C9 sports,Enabled,"Matrix Chinook Prescription Sports Sunglasses Tortoise For Men and Women - Cycling, Baseball and Running Glasses"
KA0101 C7 sports,Enabled,"Matrix Chinook Prescription Sports Sunglasses Blue For Men and Women - Cycling, Baseball and Running Glasses"
KA0102 C2 safety,Enabled,Matrix Victor Prescription Safety Glasses C2 - ANSI Z87.1 Certified - Industrial Construction and Tactical Glasses
KA0102 C6 safety,Enabled,Matrix Victor Prescription Safety Glasses Tortoise - ANSI Z87.1 Certified - Industrial and Tactical Glasses
KA0306 C11 safety,Enabled,Matrix Marion Prescription Safety Glasses Tortoise - ANSI Z87.1 Certified - Industrial Construction and Tactical Glasses
KA0306 C7 safety,Enabled,Matrix Marion Prescription Safety Glasses Clear - ANSI Z87.1 Certified - Industrial Construction and Tactical Glasses
KA0306 C7 sports,Enabled,"Matrix Marion Prescription Sports Sunglasses Clear For Men and Women - Baseball, Cycling and Running Glasses"
KA0306 C11 sports,Enabled,"Matrix Marion Prescription Sports Sunglasses Tortoise For Men and Women - Baseball, Cycling and Running Glasses"
KA0407 C7 sports,Enabled,"Matrix Sidney Prescription Sports Sunglasses Tortoise For Men and Women - Baseball, Cycling and Running Glasses"
KA0408 C3 Safety,Enabled,"Matrix Shelby Prescription Safety Glasses Black Blue - ANSI Z87.1 Certified - Industrial, Construction and Tactical Glasses"
KA0408 C3 Sports,Enabled,"Matrix Shelby Prescription Sports Sunglasses Black Blue For Men and Women - Cycling, Running or Baseball Glasses"
KA0408 C1 Sports,Enabled,"Matrix Shelby Prescription Sports Sunglasses Black For Men and Women - Cycling, Running or Baseball Glasses"
KA0510 black c1 sun,Enabled,"Matrix Upton Prescription Sports Sunglasses Black For Men and Women - Cycling, Jogging and Baseball Glasses"
sp0855 black,Enabled,"Elias Black Prescription Sports Goggles For Kids - Soft Gel Padding  - Soccer, Football, Basketball, Baseball"
sp0855 blue,Enabled," Elias Blue Prescription Sports Goggles For Kids - Soft Gel Padding - Soccer, Football, Basketball, Baseball"
sp0855 red,Enabled," Elias Red Prescription Sports Goggles For Kids - Soft Gel Padding - Soccer, Football, Basketball, Baseball"
sp0855 yellow,Enabled,SP0855 Yellow Prescription Sports Goggles For Kids
,Disabled,Kirkland Prescription Safety & Sports Glasses Silver - Super Light Aluminum Eyewear
FX8177 black,Enabled,Roxboro Prescription Safety & Sports Glasses Black - Super Light Aluminum Eyewear
FX8177 brown,Enabled,Roxboro Prescription Safety & Sports Glasses Brown - Super Light Aluminum Eyewear
FX8177 silver,Enabled,Roxboro Prescription Safety & Sports Glasses Silver - Super Light Aluminum Eyewear
severus_black,Enabled,Severus Black Polarized Clip-On
augustus_brown,Enabled,Augustus Brown Polarized Clip-On
galba_yellow,Enabled,Galba Yellow Polarized Clip-On
trajan_gray,Enabled,Trajan Gray Polarized Clip-On
abel _black,Enabled,Abel  Black Polarized Clip-On
tiberius_brown,Enabled,Tiberius Brown Polarized Clip-On
aurelius_black,Enabled,Aurelius Black Polarized Clip-On
hadrian_brown,Enabled,Hadrian Brown Polarized Clip-On
glen_brown,Enabled,Glen Brown Polarized Clip-On
velvet_glasses_case_gray,Disabled,Velvet Glasses Case Gray
velvet_glasses_case_green,Disabled,Velvet Glasses Case Green
sturdy_sunglasses_case_black,Disabled,Sturdy Sunglasses Case Black
Q56 Safety,Disabled,Dakota Safety Sports Glasses - Ansi Z87.1 Certified with Foam Seal - Interchangeable Headband and Temple Arms
sp0855 Ocean Blue,Disabled," Elias Ocean Blue Prescription Sports Goggles For Kids - Soft Gel Padding - Soccer, Football, Basketball, Baseball"
sp0855 purple,Disabled,"Elias Purple Prescription Sports Goggles For Kids - Soft Gel Padding  - Soccer, Football, Basketball, Baseball"
L015 black,Enabled,"Robson Black Prescription Sports Goggles - Soft Gel Padding - Soccer, Football, Basketball, Baseball"
L015 Red,Enabled,"Robson Red Prescription Sports Goggles - Soft Gel Padding - Soccer, Football, Basketball, Baseball"
L015 Purple,Enabled,"Robson Purple Prescription Sports Goggles - Soft Gel Padding - Soccer, Football, Basketball, Baseball"
L028 Black,Enabled,"Alberta Black Prescription Sports Goggles - Interchangeable temple arms and headband - Soccer, Basketball, Baseball"
L028 Ocean Blue,Enabled,"Alberta Clear Blue Prescription Sports Goggles - Interchangeable temple arms and headband - Soccer, Basketball, Baseball"
L028 Blue,Enabled,"Alberta Blue Prescription Sports Goggles - Interchangeable temple arms and headband - Soccer, Basketball, Baseball"
L028 Clear,Enabled,"Alberta Clear Prescription Sports Goggles - Interchangeable temple arms and headband - Soccer, Basketball, Baseball"
8510 c2,Disabled,Doval Polarized Clip On Prescription Sunglasses and Eyeglasses
K502-6-c1,Enabled,"Matrix Suffolk Prescription Casual Sports Glasses Black  - Jogging, Fishing, Boating and Daily Use"
K502-6-c2,Enabled,"Matrix Suffolk Prescription Casual Sports Glasses Grey  - Jogging, Fishing, Boating and Daily Use"
K502-04-c3,Enabled,"Matrix Mandalay Prescription Casual Sports Glasses Gold  - Jogging, Fishing, Boating and Daily Use"
K502-04-c1,Enabled,"Matrix Mandalay Prescription Casual Sports Glasses Black  - Jogging, Fishing, Boating and Daily Use"
K503-08 c4,Enabled,"Matrix Glendale Prescription Casual Sports Glasses Blue  - Jogging, Fishing, Boating and Daily Use"
K503-09 c4,Enabled,"Matrix Tremblant Prescription Casual Sports Glasses Brown  - Jogging, Fishing, Boating and Daily Use"
K503-09 c2,Enabled,"Matrix Tremblant Prescription Casual Sports Glasses Black  - Jogging, Fishing, Boating and Daily Use"
K503-09 c6,Enabled,"Matrix Tremblant Prescription Casual Sports Glasses Gold  - Jogging, Fishing, Boating and Daily Use"
K505-16 C1,Enabled,"Matrix Blanca Prescription Casual Sports Glasses Black  - Jogging, Fishing, Boating and Daily Eyewear"
K505-15 c5,Enabled,"Matrix Buffalo Prescription Casual Sports Glasses Gold  - Jogging, Fishing, Boating and Daily Use"
K501-01-c4,Enabled,"Matrix Monterey Prescription Casual Sports Glasses Clear  - Jogging, Fishing, Boating and Daily Use"
K502-6-c3,Enabled,"Matrix Suffolk Prescription Casual Sports Glasses Blue  - Jogging, Fishing, Boating and Daily Use"
Y135 C1 SPORTS,Enabled,"Mckinley Prescription Sports Sunglasses - Cycling, Baseball and Jogging Glasses - Tinted, Polarized or Transition Lenses"
Y135 C2 SPORTS,Enabled,"Albert Prescription Sports Sunglasses - Cycling, Baseball and Jogging Glasses - Tinted, Polarized or Transition Lenses"
Y135 C3 SPORTS,Enabled,"Shasta Prescription Sports Sunglasses - Cycling, Baseball and Jogging Glasses - Tinted, Polarized or Transition Lenses"
Y135 C3 Safety,Enabled,"Shasta Prescription Safety Glasses - ANSI Z87.1 Certified - Construction, Industrial and Tactical Glasses"
Y135 C1 Safety,Enabled,"Mckinley Prescription Safety Glasses - ANSI Z87.1 Certified - Construction, Industrial and Tactical Glasses"
Y135 C2 Safety,Enabled,"Albert Prescription Safety Glasses - ANSI Z87.1 Certified - Construction, Industrial and Tactical Glasses"
xq610 clear,Enabled,Matrix Kingston Prescription Safety Glasses - ANSI Z87.1 Certified 
xq610 black,Disabled,"Matrix Weston Prescription Safety Glasses - ANSI Z87.1 Certified - Non Insert Rx Lenses - Construction, Industrial and Tactical Glasses"
xq610 blue,Disabled,"Matrix Charleston Prescription Safety Glasses - ANSI Z87.1 Certified - Non Insert Rx Lenses - Construction, Industrial and Tactical Glasses"
xq610 dot,Disabled,"Matrix Johnston Prescription Safety Glasses - ANSI Z87.1 Certified - Non Insert Rx Lenses- Construction, Industrial and Tactical Glasses"
xq610 dot sports,Enabled,"Matrix Johnston Prescription Sports Glasses - Non Insert Rx Polarized or Transition Lenses - Jogging, Fishing or Biking Sunglasses"
xq617 clear,Enabled,"Matrix Kingston Prescription Safety and Sports Sunglasses - ANSI Z87.1 Certified  - Cycling, Jogging and Motorcycle Glasses"
xq610 black sports,Enabled,"Matrix Weston Prescription Sports Glasses - Non Insert Rx Polarized or Transition Lenses - Jogging, Fishing Cycling or Motorcycle Sunglasses"
xq128 black sports,Enabled,"Columbia Prescription Sports Glasses - Polarized or Transition Lenses - Jogging, Fishing Cycling or Motorcycle Sunglasses"
xq128 red sports,Enabled,"Carleton Prescription Sports Glasses - Polarized or Transition Lenses - Jogging, Fishing Cycling or Motorcycle Sunglasses"
xq128 white sports-1,Disabled,"Carleton Prescription Sports Glasses - Polarized or Transition Lenses - Jogging, Fishing Cycling or Motorcycle Sunglasses"
xq128 white sports,Enabled,"Robson Prescription Sports Glasses - Polarized or Transition Lenses - Jogging, Fishing Cycling or Motorcycle Sunglasses"
xq128 white safety,Enabled,"Robson Prescription Safety  Glasses - ANSI Z87.1 Certified - Industrial, Construction and Tactical Glasses"
xq128 black safety,Enabled,"Columbia Prescription Safety  Glasses - ANSI Z87.1 Certified - Industrial, Construction and Tactical Glasses"
xq128 black red safety,Enabled,"Carleton Prescription Safety  Glasses - ANSI Z87.1 Certified - Industrial, Construction and Tactical Glasses"
y116 c3 safety,Enabled,"Temple Prescription Safety  Glasses - ANSI Z87.1 Certified - Industrial, Construction and Tactical Glasses"
y116 c3 sports,Enabled,"Temple Prescription Sports Glasses - Cycling, Fishing,  Jogging and Baseball Sunglasses - Polarized or Transition Lenses"
y116 c2 sports,Enabled,"Ovington Prescription Sports Glasses - Cycling, Fishing,  Jogging and Baseball Sunglasses - Polarized or Transition Lenses"
y116 c2 safety,Enabled,"Ovington Prescription Safety Glasses - ANSI Z87.1 Certified - Industrial, Construction and Tactical Goggles"
K504-11-c1,Enabled,"Matrix Deltona Prescription Casual Sports Glasses Blue  - Jogging, Fishing, Boating and Daily Eyewear"
K504-13-c3,Enabled,"Matrix Bedford Prescription Casual Sports Glasses Brown  - Jogging, Fishing, Boating and Daily Eyewear"
K504-13-c4,Enabled,"Matrix Bedford Prescription Casual Sports Glasses Silver  - Jogging, Fishing, Boating and Daily Eyewear"
L030 Black,Enabled,"Sierra Prescription Sports Goggles Black - Interchangeable temple arms and headband - Soccer, Basketball, Baseball Glasses"
L030 Blue,Enabled,"Sierra Prescription Sports Goggles Blue - Interchangeable temple arms and headband - Soccer, Basketball, Baseball Glasses"
L030 Green,Enabled,"Sierra Prescription Sports Goggles Green - Interchangeable temple arms and headband - Soccer, Basketball, Baseball Glasses"
L030 White,Enabled,"Sierra Prescription Sports Goggles White - Interchangeable temple arms and headband - Soccer, Basketball, Baseball Glasses"
L030 Purple,Enabled,"Sierra Prescription Sports Goggles Purple - Interchangeable temple arms and headband - Soccer, Basketball, Baseball Glasses"
L030 Brown,Enabled,"Sierra Prescription Sports Goggles Brown - Interchangeable temple arms and headband - Soccer, Basketball, Baseball Glasses"
L029 Black,Enabled,"Atlas Prescription Sports Goggles Black - Interchangeable temple arms and headband - Soccer, Basketball, Baseball Glasses"
L029 Blue,Enabled,"Atlas Prescription Sports Goggles Blue - Interchangeable temple arms and headband - Soccer, Basketball, Baseball Glasses"
L029 clear grey,Enabled,"Atlas Prescription Sports Goggles Grey - Interchangeable temple arms and headband - Soccer, Basketball, Baseball Glasses"
L029 clear white,Enabled,"Atlas Prescription Sports Goggles White - Interchangeable temple arms and headband - Soccer, Basketball, Baseball Glasses"
L029 clear green,Enabled,"Atlas Prescription Sports Goggles Green - Interchangeable temple arms and headband - Soccer, Basketball, Baseball Glasses"
L029 purple,Enabled,"Atlas Prescription Sports Goggles Purple - Interchangeable temple arms and headband - Soccer, Basketball, Baseball Glasses"
FX8177 Gun,Enabled,Roxboro Prescription Safety & Sports Glasses Gun Grey - Super Light Aluminum Eyewear
21203 Tortoise,Disabled,Hailey Acetate Prescription Eyeglasses Tortoise 
21203 Blue-1,Disabled,Hailey Acetate Prescription Eyeglasses Blue
21203 Clear,Disabled,Hailey Eyeglasses Clear
21203 Clear-1,Disabled,Hailey Eyeglasses Clear
21206 black tortoise,Disabled,Addison  Eyeglasses black tortoise
21206 black radiant,Disabled,Addison  Eyeglasses radiant
21206 tortoise,Disabled,Addison  Eyeglasses Tortoise
21206 Purple,Disabled,Addison  Eyeglasses Purple
21206 Purple-1,Disabled,Addison  Eyeglasses Purple
21208 BLACK,Disabled,Harper Eyeglasses  Black
21208 Tortoise,Disabled,Harper Eyeglasses  Tortoise
21208 Multicolor,Disabled,Harper Eyeglasses  Multicolor
21208  Clear,Disabled,Harper Eyeglasses  Clear
21208  Clear-1,Disabled,Harper Eyeglasses  Clear
21209  radiant,Disabled,Grace Eyeglasses Radiant
21209  black multicolor,Disabled,Grace Eyeglasses black multicolor
21209  black multicolor-1,Disabled,Grace Eyeglasses black multicolor
HY81092 BROWN-1,Disabled,Brooklyn Eyeglasses Brown
HY81092 BROWN-2,Disabled,Brooklyn Eyeglasses Brown
21220 c1,Disabled,Kaitlyn Eyeglasses Red tortoise
21220  c4,Disabled,Kaitlyn Cat Eye Prescripiton Glasses Pink
21220  c3,Disabled,Kaitlyn Prescription Cat Eye Glasses Blue Demi
21222 c1,Enabled,Sarah Prescription Eyeglasses Black Demi
21222 c2,Enabled,Sarah Prescripiton Eyeglasses Green Demi
21222 c3,Enabled,Sarah Prescripion Eyeglasses Red Demi
21228 Red/black,Disabled,Mila Eyeglasses Red/black
21228 Pink marble,Disabled,Mila Eyeglasses Pink marble
21228 Blue marble,Disabled,Mila Eyeglasses Blue marble
21228 C4,Disabled,Mila Prescription Eyeglasses C4
21228 Blue Marble-21229-1,Disabled,Mila Eyeglasses Marble
28001 black,Enabled,Kylie Prescription Eyeglasses Black
28001 clear grey,Enabled,Kylie Prescription Eyeglasses  Clear
28001 grey,Enabled,Kylie Prescription Eyeglasses  Grey 
28001 green,Enabled,Kylie Prescription Eyeglasses Green
21250 Clear,Enabled,Hunter Prescription Eyeglasses Clear
21250 Black,Enabled,Hunter Prescription Eyeglasses Black
F3024 White pink,Enabled,"Matrix Sparks Prescription Sports Glasses Pink - ANSI Z87.1 Certified - Running, Cycling and Hunting Sunglasses"
22196 black,Enabled,Kiara Black Prescription Eyeglasses
22196 purple,Enabled,Kiara purple Prescription Eyeglasses
33087 silver,Disabled,Kiara Silver Prescription Eyeglasses
22196 pink,Enabled,Kiara pink Prescription Eyeglasses
33091 silver,Disabled,Ismael silver Eyeglasses 
22187 red gold,Disabled,Ismael red  gold Eyeglasses 
22187  pink,Disabled,Ismael pink  Eyeglasses 
22187 green,Disabled,Ismael green Eyeglasses 
yzd30137 c3,Enabled,Yohan Prescription Eyeglasses Demi Amber
YZD30137 C2,Enabled,Yohan Prescription Eyeglasses Green
YZD30137 C1 mixed acetate,Enabled,Yohan Prescription Eyeglasses Black 
33092 gold-3,Enabled,Yohan Prescription Eyeglasses Gold
22158 gold,Enabled,Alizee Gołd Prescription Eyeglasses 
22158 tortoise,Disabled,Alizee tortoise Prescription Eyeglasses 
22158 black,Enabled,Alizee black Prescription Eyeglasses 
35020 black,Enabled,Morey Cat Eye Prescription Eyeglasses Black
35020 Red,Enabled,Morey Cat Eye Prescription Eyeglasses Red
35020 brown,Enabled,Morey Cat Eye Prescription Eyeglasses Brown
35021 black,Enabled,Melody Prescription Eyeglasses Black
35021 brown,Enabled,Melody Prescription Eyeglasses Brown
35021 clear,Enabled,Melody Prescription Eyeglasses Clear
35021 green,Enabled,Melody Prescription Eyeglasses Green
35024 black,Enabled,Upland Prescription Eyeglasses Black
35024 grey,Enabled,Upland Prescription Eyeglasses Grey
35024 clear,Enabled,Upland Prescription Eyeglasses Clear
35025 black,Enabled,Beacon Prescription Eyeglasses Black
35025 red,Enabled,Beacon Prescription Eyeglasses Red
35025 orange,Enabled,Beacon Prescription Eyeglasses Orange
35025 yellow,Enabled,Beacon Prescription Eyeglasses Yellow
35026 gold,Enabled,Fatoumata Prescription Eyeglasses Gold 
35026 grey,Enabled,Fatoumata Prescription Eyeglasses Grey
35026 green,Enabled,Fatoumata Prescription Eyeglasses Green
35028 black,Enabled,Elena Prescription Eyeglasses  Black
35028 red,Enabled,Elena Prescription Eyeglasses Red
35028 orange,Enabled,Elena Prescription Eyeglasses Orange
35031 black,Enabled,Anna Prescription Eyeglasses Black
35031 yellow,Enabled,Anna Prescription Eyeglasses Yellow
35031 red,Enabled,Anna Prescription Eyeglasses Red
35039 yellow,Enabled,Catalina Prescription Eyeglasses Yellow 
35039 green,Enabled,Catalina Prescritpion Eyeglasses Green
35040 red,Enabled,Nipomo Prescription Eyeglasses red
35040 yellow,Enabled,Nipomo Prescription Eyeglasses yellow
35040 black gold,Enabled,Nipomo Prescription Eyeglasses black gold
35040 orange,Enabled,Nipomo Prescription Eyeglasses orange
35061 tortoise,Enabled,Savannah Prescription Eyeglasses tortoise
35061 blue,Enabled,Savannah Prescription Eyeglasses Blue
35061 black silver,Enabled,Savannah Prescription Eyeglasses black silver
21222 c4,Enabled,Sarah Prescription Eyeglasses Demi Amber
22203,Enabled,Stamford Prescription Glasses
22203-1,Enabled,Stamford Prescription Glasses C2
22203-2,Enabled,Stamford Prescription Glasses C3
22203-3,Enabled,Stamford Prescription Glasses C4
22251,Disabled,Warren Prescription Glasses C1
22251-1,Disabled,Warren Prescription Glasses C2
22251-2,Disabled,Warren Prescription Glasses C3
22251-3,Disabled,Warren Prescription Glasses C4
22252,Disabled,Mcallen Prescription Glasses C1
22252-2,Disabled,Mcallen Prescription Glasses C2
22252-3,Disabled,Mcallen Prescription Glasses C3
22252-4,Disabled,Mcallen Prescription Glasses C4
22253,Disabled,Benicia Prescription Glasses C1
22253-2,Disabled,Benicia Prescription Glasses C2
22253-3,Disabled,Benicia Prescription Glasses C3
22253-4,Disabled,Benicia Prescription Eyeglasses C4
22255,Enabled,Bellevue Prescription Glasses C1
22255-2,Enabled,Bellevue Prescription Glasses C2
22255-3,Enabled,Bellevue Prescription Glasses C3
22255-4,Enabled,Bellevue Prescription Glasses C4
14060,Disabled,Brooklyn Prescription Glasses C1 
14067 c1,Enabled,Hailey Prescription Glasses Black - Spring Hinge Eyeglasses
Y35035 c1,Enabled,Seattle Prescription Eyeglasses Black For Men and Women
14060-2,Disabled,Brooklyn Prescription Glasses C2 
14060-3,Disabled,Brooklyn Prescription Glasses C3
14060-4,Disabled,Brooklyn Prescription Glasses C4
14061,Enabled,Harper Prescription Glasses C1
14061-2,Enabled,Harper Prescription Glasses C2
14061-3,Enabled,Harper Prescription Glasses C3
14061-4,Enabled,Harper Prescription Glasses C4
14062 c1,Enabled,Addison Prescription Glasses Black
14062 c3,Enabled,Addison Prescription Glasses Grey
14062 c4,Enabled,Addison Prescription Glasses Green
22188 c1,Enabled,Concord Prescription Glasses Black
22188 c2,Enabled,Concord Prescription Glasses Black Amber
22188 c4,Enabled,Concord Prescription Glasses Demi Amber
32037 c1,Enabled,Visalia Prescription Glasses Black
32037 c2,Enabled,Visalia Prescription Glasses Red Gold
32037 c3,Enabled,Visalia Prescription Glasses Blue
32037-4-1,Disabled,Visalia Prescription Glasses C4
14067-2,Enabled,Hailey Prescription Glasses C2 
14067 c3,Enabled,Hailey Prescription Glasses Blue Demi - Spring Hinge Eyeglasses
14067 c4,Enabled,Hailey Prescription Glasses Demi Amber - Spring Hinge Eyeglasses
22033 c1,Enabled,Lindsay Prescription Glasses Black - Spring Hinge Eyeglasses
22033 c2,Enabled,Lindsay Prescription Glasses Demi - Spring Hinge Eyeglasses
22033 c3,Enabled,Lindsay Prescription Glasses Clear - Spring Hinge Eyeglasses
22033 c4,Enabled,Lindsay Prescription Glasses Black Gold - Spring Hinge Eyeglasses
22156 c1,Enabled,Indio Cat Eye Prescription Glasses Black - Spring Hinge Eyeglasses
22156 c2,Enabled,Indio Cat Eye Prescription Glasses Clear - Spring Hinge Eyeglasses
22156 c3,Enabled,Indio Cat Eye Prescription Glasses Demi - Spring Hinge Eyeglasses
22156 c4,Enabled,Indio Cat Eye Prescription Glasses Pink - Spring Hinge Eyeglasses
22162 c1,Enabled,Aberdeen Cat Eye Prescription Glasses Black - Spring Hinge Eyeglasses
22162 c2,Enabled,Aberdeen Cat Eye Prescription Glasses Cream - Spring Hinge Eyeglasses
22162 c3,Enabled,Aberdeen Cat Eye Prescription Glasses Demi Amber - Spring Hinge Eyeglasses
22162 c4,Enabled,Aberdeen Cat Eye Prescription Glasses Green Demi - Spring Hinge Eyeglasses
23005,Enabled,Lakeland Prescription Glasses C1 
22163 c2,Enabled,Cambridge Cat Eye Prescription Glasses Clear - Spring Hinge Eyeglasses
22163 c3,Enabled,Cambridge Cat Eye Prescription Glasses Creamy - Spring Hinge Eyeglasses
22163 c4,Enabled,Cambridge Cat Eye Prescription Glasses Demi - Spring Hinge Eyeglasses
23005-2,Enabled,Lakeland Prescription Glasses C2 
23005-3,Enabled,Lakeland Prescription Glasses C3
23005-4,Enabled,Lakeland Prescription Glasses C4
23079,Disabled,Downey Prescription Glasses C1 
23079-2,Disabled,Downey Prescription Glasses C2
23079-3,Disabled,Downey Prescription Glasses C3
23079-4,Disabled,Downey Prescription Glasses C4
23106,Disabled,Costa Prescription Glasses C1 
23106-2,Disabled,Costa Prescription Glasses C2 
23106-3,Disabled,Costa Prescription Glasses C3
23106-4,Disabled,Costa Prescription Glasses C4
23111,Disabled,Oxford Prescription Glasses C1
23111-2,Disabled,Oxford Prescription Glasses C2
23111-3,Disabled,Oxford Prescription Glasses C3
23111-4,Disabled,Oxford Prescription Glasses C4
33079,Enabled,Boulder Prescription Glasses C1 
33079-2,Enabled,Boulder Prescription Glasses C2
33079-3,Enabled,Boulder Prescription Glasses C3
33079-4,Enabled,Boulder Prescription Glasses C4
FX8177 Gun glasses,Enabled,"Roxboro Prescription Sports Glasses Gun Grey - Cycling, Fishing, Jogging and Baseball Sunglasses - Super Light Aluminum Eyewear"
FX8177 Silver Sun,Enabled,"Roxboro Prescription Sports Glasses Silver - Cycling, Fishing, Jogging and Baseball Sunglasses - Super Light Aluminum Eyeglasses"
FX8177 Black Sun,Enabled,"Roxboro Prescription Sports Glasses Black - Cycling, Fishing, Jogging and Baseball Sunglasses - Super Light Aluminum Eyeglasses"
FX8177 Brown Sun,Enabled,"Roxboro Prescription Sports Glasses Brown - Cycling, Fishing, Jogging and Baseball Sunglasses - Super Light Aluminum Eyeglasses"
22253-4-1,Enabled,Oakland Prescription Eyeglasses C1
26013-2,Enabled,Oakland Prescription Eyeglasses C2
26013-3,Enabled,Oakland Prescription Eyeglasses C3
26013-4,Enabled,Oakland Prescription Eyeglasses C4
26025,Enabled,Clarita Prescription Eyeglasses C1
26025-2,Enabled,Clarita Prescription Eyeglasses C2
26025-3,Enabled,Clarita Prescription Eyeglasses C3
26025-4,Enabled,Clarita Prescription Eyeglasses C4
26032 c1,Enabled,Garland Pure Titanium Prescription Eyeglasses Black - Spring Hinge Glasses
26032 c2,Enabled,Garland Pure Titanium Prescription Eyeglasses Silver - Spring Hinge Glasses
26032 c3,Enabled,Garland Pure Titanium Prescription Eyeglasses Black Gold - Spring Hinge Glasses
26032 c4,Enabled,Garland Pure Titanium Prescription Eyeglasses Gold - Spring Hinge Glasses
26033 c1,Enabled,Mckinney Pure Titanium Prescription Eyeglasses Black - Spring Hinge Glasses
26033 c2,Enabled,Mckinney Pure Titanium Prescription Eyeglasses Silver - Spring Hinge Glasses
26033 c3,Enabled,Mckinney Pure Titanium Prescription Eyeglasses Gold - Spring Hinge Glasses
26033 c4,Enabled,Mckinney Pure Titanium Prescription Eyeglasses Black Gold - Spring Hinge Glasses
26034 c1,Enabled,Eliot Pure Titanium Prescription Eyeglasses Black - Spring Hinge Glasses
26034 c2,Enabled,Eliot Pure Titanium Prescription Eyeglasses Red - Spring Hinge Glasses
26034 c3,Enabled,Eliot Pure Titanium Prescription Eyeglasses Silver - Spring Hinge Glasses
26034 c4,Enabled,Eliot Pure Titanium Prescription Eyeglasses Gold - Spring Hinge Glasses
FX3064 Clear,Enabled,"Matrix Aurora Prescription Sports Sunglasses Clear -- Jogging, Cycling and Golfing Glasses"
FX3064 Pink,Enabled,"Matrix Aurora Prescription Sports Sunglasses Pink -- Jogging, Cycling and Golfing Glasses"
FX3064 Tortoise,Enabled,"Matrix Aurora Prescription Sports Sunglasses Tortoise -- Jogging, Cycling and Golfing Glasses"
JDSY063 3071 yellow,Enabled,"Matrix Palisade Prescription Sports Sunglasses Yellow  -- ANSI Z87.1 Certified -- Cycling, Jogging and Golfing"
JDSY063 3071 white,Enabled,"Matrix Palisade Prescription Sports Sunglasses White  -- ANSI Z87.1 Certified -- Cycling, Jogging and Golfing"
JDSY063 3071 green,Enabled,"Matrix Palisade Prescription Sports Sunglasses Green  -- ANSI Z87.1 Certified -- Cycling, Jogging and Golfing"
FX 3071 White,Enabled,"Matrix Palisade White Prescription Safety Glasses With Spring Hinge -- ANSI Z87.1 Certified -- Construction, Industrial and Tactical "
sp0855 purple-1,Disabled,"Elias Purple Prescription Sports Goggles For Kids - Soft Gel Padding  - Soccer, Football, Basketball, Baseball"
kids703 orange,Enabled,"Olivia Red Prescription Sports Goggles For Kids - Bendable Impact Resistant  - Youth Soccer, Football, Basketball, Baseball Glasses "
kids703 Blue,Enabled,"Olivia Blue Prescription Sports Goggles For Kids - Bendable Impact Resistant  - Youth Soccer, Football, Basketball, Baseball Glasses "
kids703 pink,Enabled,"Olivia Pink Prescription Sports Goggles For Kids - Bendable Impact Resistant  - Youth Soccer, Football, Basketball, Baseball Glasses "
kids703 purple,Enabled,"Olivia Purple Prescription Sports Goggles For Kids - Bendable Impact Resistant  - Youth Soccer, Football, Basketball, Baseball Glasses "
kids703 black,Enabled,"Olivia Black Prescription Sports Goggles For Kids and Adult - Bendable Impact Resistant  - Youth Soccer, Football, Basketball, Baseball Glasses "
kids703 gray,Enabled,"Olivia Gray Small Prescription Sports Goggles For Kids and Adult - Bendable Impact Resistant  - Youth Soccer, Football, Basketball, Baseball Glasses "
kids705 orange,Enabled,"Noah Red Prescription Sports Goggles For Kids - Bendable Impact Resistant  - Youth Soccer, Football, Basketball, Baseball Glasses "
kids705 blue,Enabled,"Noah Blue Prescription Sports Goggles For Kids - Bendable Impact Resistant  - Youth Soccer, Football, Basketball, Baseball Glasses "
kids705 pink,Enabled,"Noah Pink Prescription Sports Goggles For Kids - Bendable Impact Resistant  - Youth Soccer, Football, Basketball, Baseball Glasses "
kids705 purple,Enabled,"Noah Purple Prescription Sports Goggles For Kids - Bendable Impact Resistant  - Youth Soccer, Football, Basketball, Baseball Glasses "
kids705 black,Enabled,"Noah Black Small Prescription Sports Goggles For Kids and Adult - Bendable Impact Resistant  - Youth Soccer, Football, Basketball, Baseball Glasses "
kids705 gray,Enabled,"Noah Gray Small Prescription Sports Goggles For Kids and Adult - Bendable Impact Resistant  - Youth Soccer, Football, Basketball, Baseball Glasses "
kids706 orange,Enabled,"Amelia Red Prescription Sports Goggles For Kids - Bendable Impact Resistant  - Youth Soccer, Football, Basketball, Baseball Glasses "
kids706 blue,Enabled,"Amelia Blue Prescription Sports Goggles For Kids - Bendable Impact Resistant  - Youth Soccer, Football, Basketball, Baseball Glasses "
kids706 pink,Enabled,"Amelia Pink Prescription Sports Goggles For Kids - Bendable Impact Resistant  - Youth Soccer, Football, Basketball, Baseball Glasses "
kids706 purple,Enabled,"Amelia Purple Prescription Sports Goggles For Kids - Bendable Impact Resistant  - Youth Soccer, Football, Basketball, Baseball Glasses "
kids706 black,Enabled,"Amelia Black Small Prescription Sports Goggles For Kids and Adult - Bendable Impact Resistant  - Youth Soccer, Football, Basketball, Baseball Glasses "
kids706 gray,Enabled,"Amelia Gray Small Prescription Sports Goggles - Bendable Impact Resistant  - Youth Soccer, Football, Basketball, Baseball Glasses "
kids8400 black,Enabled,"Liam Black Small Prescription Sports Glasses For Kids and Adult - Bendable Impact Resistant  - Youth Soccer, Football, Basketball, Baseball Eyewear"
kids8400 blue pink,Enabled,"Liam Blue Pink Prescription Sports Goggles For Kids - Bendable Impact Resistant  - Youth Soccer, Football, Basketball, Baseball Glasses "
kids8400 blue,Enabled,"Liam Blue Prescription Sports Goggles For Kids - Bendable Impact Resistant  - Youth Soccer, Football, Basketball, Baseball Glasses "
kids8400 red pink,Enabled,"Liam Red Prescription Sports Goggles For Kids - Bendable Impact Resistant  - Youth Soccer, Football, Basketball, Baseball Glasses "
kids8400 light pink,Enabled,"Liam Pink Prescription Sports Goggles For Kids - Bendable Impact Resistant  - Youth Soccer, Football, Basketball, Baseball Glasses "
kids8400 black blue,Enabled,"Liam Black Blue Small Prescription Sports Goggles For Kids and Adult - Bendable Impact Resistant  - Youth Soccer, Football, Basketball, Baseball Glasses "
kb670 green,Enabled,Sophia Green RX Sunglasses For Youth - Kids Friendly Impact Resistant   - Boys and Girls Prescription Eyeglasses 
kb670 light blue,Enabled,Sophia Ocean Blue RX Sunglasses For Youth - Kids Friendly Impact Resistant   - Boys and Girls Prescription Eyeglasses 
kb670 purple,Enabled,Sophia Purple RX Sunglasses For Youth - Kids Friendly Impact Resistant   - Boys and Girls Prescription Eyeglasses 
kb670 blue,Enabled,Sophia Blue RX Sunglasses For Youth - Kids Friendly Impact Resistant   - Boys and Girls Prescription Eyeglasses 
kb670 yellow,Enabled,Sophia Yellow RX Sunglasses For Youth - Kids Friendly Impact Resistant   - Boys and Girls Prescription Eyeglasses 
kb670 black,Enabled,Sophia Black RX Sunglasses For Youth - Kids Friendly Impact Resistant   - Boys and Girls Prescription Eyeglasses 
kb670 green-1,Enabled,Sophia Green RX Glasses For Youth - Kids Friendly Impact Resistant   - Boys and Girls Prescription Eyeglasses 
kb670 light blue-1,Enabled,Sophia Light Blue RX Glasses For Youth - Kids Friendly Impact Resistant   - Boys and Girls Prescription Eyeglasses 
kb670 purple-1,Enabled,Sophia Purple RX Glasses For Youth - Kids Friendly Impact Resistant   - Boys and Girls Prescription Eyeglasses 
kb670 blue-1,Enabled,Sophia Blue RX Glasses For Youth - Kids Friendly Impact Resistant   - Boys and Girls Prescription Eyeglasses 
kb670 yellow-1,Enabled,Sophia Yellow RX Glasses For Youth - Kids Friendly Impact Resistant   - Boys and Girls Prescription Eyeglasses 
kb670 black-1,Enabled,Sophia Black RX Glasses For Youth - Kids Friendly Impact Resistant   - Boys and Girls Prescription Eyeglasses 
kb671 green,Enabled,Oliver Green RX Sunglasses For Youth - Kids Friendly Impact Resistant   - Boys and Girls Prescription Eyeglasses 
kb671 light blue,Enabled,Oliver Light Blue RX Sunglasses For Youth - Kids Friendly Impact Resistant   - Boys and Girls Prescription Eyeglasses 
kb671 purple,Enabled,Oliver Purple RX Sunglasses For Youth - Kids Friendly Impact Resistant   - Boys and Girls Prescription Eyeglasses 
kb671 blue,Enabled,Oliver Blue RX Sunglasses For Youth - Kids Friendly Impact Resistant   - Boys and Girls Prescription Eyeglasses 
kb671 yellow,Enabled,Oliver Yellow RX Sunglasses For Youth - Kids Friendly Impact Resistant   - Boys and Girls Prescription Eyeglasses 
kb671 black,Enabled,Oliver Black RX Sunglasses For Youth - Kids Friendly Impact Resistant   - Boys and Girls Prescription Eyeglasses 
kb671 green-1,Enabled,Oliver Green RX Glasses For Youth - Kids Friendly Impact Resistant   - Boys and Girls Prescription Eyeglasses 
kb671 light blue-1,Enabled,Oliver Light Blue RX Glasses For Youth - Kids Friendly Impact Resistant   - Boys and Girls Prescription Eyeglasses 
kb671 purple-1,Enabled,Oliver Purple RX Glasses For Youth - Kids Friendly Impact Resistant   - Boys and Girls Prescription Eyeglasses 
kb671 blue-1,Enabled,Oliver Blue RX Glasses For Youth - Kids Friendly Impact Resistant   - Boys and Girls Prescription Eyeglasses 
kb671 yellow-3,Enabled,Oliver Yellow RX Glasses For Youth - Kids Friendly Impact Resistant   - Boys and Girls Prescription Eyeglasses 
kb671 black-1,Enabled,Oliver Black RX Glasses For Youth - Kids Friendly Impact Resistant   - Boys and Girls Prescription Eyeglasses 
kb672 green,Enabled,Emma Green RX Sunglasses For Youth - Kids Friendly Impact Resistant   - Boys and Girls Prescription Eyeglasses 
kb672 light blue,Enabled,Emma Light Blue RX Sunglasses For Youth - Kids Friendly Impact Resistant   - Boys and Girls Prescription Eyeglasses 
kb672 purple,Enabled,Emma Purple RX Sunglasses For Youth - Kids Friendly Impact Resistant   - Boys and Girls Prescription Eyeglasses 
kb672 blue,Enabled,Emma Blue RX Sunglasses For Youth - Kids Friendly Impact Resistant   - Boys and Girls Prescription Eyeglasses 
kb672 yellow,Enabled,Emma Yellow RX Sunglasses For Youth - Kids Friendly Impact Resistant   - Boys and Girls Prescription Eyeglasses 
kb672 black,Enabled,Emma Black RX Sunglasses For Youth - Kids Friendly Impact Resistant   - Boys and Girls Prescription Eyeglasses 
kb672 rx green,Enabled,Emma Green RX Glasses For Youth - Kids Friendly Impact Resistant   - Boys and Girls Prescription Eyeglasses 
kb672 rx light blue,Enabled,Emma Light Blue RX Glasses For Youth - Kids Friendly Impact Resistant   - Boys and Girls Prescription Eyeglasses 
kb672 rx purple,Enabled,Emma Purple RX Glasses For Youth - Kids Friendly Impact Resistant   - Boys and Girls Prescription Eyeglasses 
kb672 rx blue,Enabled,Emma Blue RX Glasses For Youth - Kids Friendly Impact Resistant   - Boys and Girls Prescription Eyeglasses 
kb672 rx yellow,Enabled,Emma Yellow RX Glasses For Youth - Kids Friendly Impact Resistant   - Boys and Girls Prescription Eyeglasses 
kb672 rx black,Enabled,Emma Black RX Glasses For Youth - Kids Friendly Impact Resistant   - Boys and Girls Prescription Eyeglasses 
kb673 green,Enabled,Elijah Green RX Sunglasses For Youth - Kids Friendly Impact Resistant   - Boys and Girls Prescription Eyeglasses 
kb673 light blue,Enabled,Elijah Light Blue RX Sunglasses For Youth - Kids Friendly Impact Resistant   - Boys and Girls Prescription Eyeglasses 
kb673 purple,Enabled,Elijah Purple RX Sunglasses For Youth - Kids Friendly Impact Resistant   - Boys and Girls Prescription Eyeglasses 
kb673 blue,Enabled,Elijah Blue RX Sunglasses For Youth - Kids Friendly Impact Resistant   - Boys and Girls Prescription Eyeglasses 
kb673 yellow,Enabled,Elijah Yellow RX Sunglasses For Youth - Kids Friendly Impact Resistant   - Boys and Girls Prescription Eyeglasses 
kb673 black,Enabled,Elijah Black RX Sunglasses For Youth - Kids Friendly Impact Resistant   - Boys and Girls Prescription Eyeglasses 
kb673 green-1,Enabled,Elijah Green RX Glasses For Youth - Kids Friendly Impact Resistant   - Boys and Girls Prescription Eyeglasses 
kb673 light blue-1,Enabled,Elijah Light Blue RX Glasses For Youth - Kids Friendly Impact Resistant   - Boys and Girls Prescription Eyeglasses 
kb673 purple-1,Enabled,Elijah Purple RX Glasses For Youth - Kids Friendly Impact Resistant   - Boys and Girls Prescription Eyeglasses 
kb673 blue-1,Enabled,Elijah Blue RX Glasses For Youth - Kids Friendly Impact Resistant   - Boys and Girls Prescription Eyeglasses 
kb673 yellow-1,Enabled,Elijah Yellow RX Glasses For Youth - Kids Friendly Impact Resistant   - Boys and Girls Prescription Eyeglasses 
kb673 black-1,Enabled,Elijah Black RX Glasses For Youth - Kids Friendly Impact Resistant   - Boys and Girls Prescription Eyeglasses 
A735 blue,Enabled,"Matrix Blue Halo Prescription Sports Sunglasses -- Jogging, Cycling, Fishing and Golfing Glasses"
A735 orange,Enabled,"Matrix Orange Halo Prescription Sports Sunglasses -- Jogging, Cycling, Fishing and Golfing Glasses"
A735 black,Enabled,"Matrix Black Halo Prescription Sports Sunglasses -- Jogging, Cycling, Fishing and Golfing Glasses"
A735 clear,Enabled,Matrix Halo Prescription Sports Eyewear  -- Rx Glasses For Active Life Style
A735 blue clear,Enabled,Matrix Halo Prescription Sports Eyewear Blue Temples -- Rx Glasses For Active Life Style
A735 orange clear,Enabled,Matrix Halo Prescription Sports Eyewear Red Temples -- Rx Glasses For Active Life Style
mx777 clear sun,Enabled,Matrix Kingston Prescription Safety and Sports Sunglasses Clear - ANSI Z87.1 - Magnetic Sun Clip For Indoor and Outdoor
MX777 Clear,Enabled,Matrix Kingston Prescription Safety Glasses Clear - ANSI Z87.1 Certified  - Magnetic Sun Clip For Indoor and Outdoor Use
MX779 black clear,Enabled,"Matrix Tahoe Prescription Safety Glasses Black - Industrial,  Construction and Lab Glasses - Petite Size For Small PD or Youth"
MX779 white,Enabled,"Matrix Tahoe Prescription Safety Glasses White - Industrial,  Construction and Lab Glasses - Petite Size For Small PD or Youth"
MX779 white sun,Enabled,"Matrix Tahoe Prescription Sports Glasses White - Jogging, cycling and soccer goggles - Petite Size For Small PD or Youth"
MX779 black sun,Enabled,"Matrix Tahoe Prescription Sports Glasses Black - Jogging, cycling and soccer goggles - Petite Size For Small PD or Youth"
