Page URL,Image URL,HTTP Code,Discovered
https://www.caoptical.com/blog/5-industries-where-eye-protection-is-a-priority/,https://www.caoptical.com/blog/5-industries-where-eye-protection-is-a-priority/{{media url=,404,03 Mar 2026 (14:56 UTC)
https://www.caoptical.com/blog/5-sports-where-you-should-wear-prescription-sports-sunglasses/,https://www.caoptical.com/blog/5-sports-where-you-should-wear-prescription-sports-sunglasses/{{media url=,404,03 Mar 2026 (14:56 UTC)
https://www.caoptical.com/blog/6-common-mistakes-that-people-do-while-buying-prescription-safety-glasses/,https://www.caoptical.com/blog/6-common-mistakes-that-people-do-while-buying-prescription-safety-glasses/{{media url=,404,03 Mar 2026 (14:56 UTC)
https://www.caoptical.com/blog/7-common-eye-injuries-and-how-to-treat-them/,https://www.caoptical.com/blog/7-common-eye-injuries-and-how-to-treat-them/{{media url=,404,03 Mar 2026 (14:56 UTC)
https://www.caoptical.com/blog/7-money-saving-tips-for-prescription-safety-glasses-purchase/,https://www.caoptical.com/blog/7-money-saving-tips-for-prescription-safety-glasses-purchase/{{media url=,404,03 Mar 2026 (14:56 UTC)
https://www.caoptical.com/blog/advantages-of-bifocal-safety-glasses-and-the-best-recommendations-to-try/,https://www.caoptical.com/blog/advantages-of-bifocal-safety-glasses-and-the-best-recommendations-to-try/{{media url=,404,03 Mar 2026 (14:56 UTC)
https://www.caoptical.com/blog/all-about-ansi-z87-1-standard-for-prescription-safety-glasses/,https://www.caoptical.com/blog/all-about-ansi-z87-1-standard-for-prescription-safety-glasses/{{media url=,404,03 Mar 2026 (14:56 UTC)
https://www.caoptical.com/blog/all-you-need-to-know-about-swimming-goggles/,https://www.caoptical.com/blog/all-you-need-to-know-about-swimming-goggles/{{media url=,404,03 Mar 2026 (14:56 UTC)
https://www.caoptical.com/blog/anti-fog-safety-glasses-5-reasons-to-wear-them/,https://www.caoptical.com/blog/anti-fog-safety-glasses-5-reasons-to-wear-them/{{media url=,404,03 Mar 2026 (14:56 UTC)
https://www.caoptical.com/blog/are-electricians-required-to-wear-safety-glasses/,https://www.caoptical.com/blog/are-electricians-required-to-wear-safety-glasses/{{media url=,404,03 Mar 2026 (14:56 UTC)
https://www.caoptical.com/blog/are-you-using-best-prescription-safety-glasses-for-eyes-protection/,https://www.caoptical.com/blog/are-you-using-best-prescription-safety-glasses-for-eyes-protection/{{media url=,404,03 Mar 2026 (14:56 UTC)
https://www.caoptical.com/blog/audit-for-the-basic-workplace-eye-safety/,https://www.caoptical.com/blog/audit-for-the-basic-workplace-eye-safety/{{media url=,404,03 Mar 2026 (14:56 UTC)
https://www.caoptical.com/blog/best-reasons-why-to-wear-cycling-glasses/,https://www.caoptical.com/blog/best-reasons-why-to-wear-cycling-glasses/{{media url=,404,03 Mar 2026 (14:56 UTC)
https://www.caoptical.com/blog/bifocal-prescription-safety-glasses-improving-vision-and-safety/,https://www.caoptical.com/blog/bifocal-prescription-safety-glasses-improving-vision-and-safety/{{media url=,404,03 Mar 2026 (14:56 UTC)
https://www.caoptical.com/blog/buyers-guide-to-prescription-cycling-glasses/,https://www.caoptical.com/blog/buyers-guide-to-prescription-cycling-glasses/{{media url=,404,03 Mar 2026 (14:56 UTC)
https://www.caoptical.com/blog/ca-glasses-reviews-a-closer-look-at-smart-eyewear-excellence/,https://www.caoptical.com/blog/ca-glasses-reviews-a-closer-look-at-smart-eyewear-excellence/{{media url=,404,03 Mar 2026 (14:56 UTC)
https://www.caoptical.com/blog/can-prescription-ski-goggles-prevent-fogging-let-us-take-a-look/,https://www.caoptical.com/blog/can-prescription-ski-goggles-prevent-fogging-let-us-take-a-look/{{media url=,404,03 Mar 2026 (14:56 UTC)
https://www.caoptical.com/blog/can-safety-glasses-be-worn-over-prescription-eyewear/,https://www.caoptical.com/blog/can-safety-glasses-be-worn-over-prescription-eyewear/{{media url=,404,03 Mar 2026 (14:56 UTC)
https://www.caoptical.com/blog/can-wearing-safety-glasses-for-too-long-damage-your-eyes/,https://www.caoptical.com/blog/can-wearing-safety-glasses-for-too-long-damage-your-eyes/{{media url=,404,03 Mar 2026 (14:56 UTC)
https://www.caoptical.com/blog/care-for-your-prescription-safety-glasses/,https://www.caoptical.com/blog/care-for-your-prescription-safety-glasses/{{media url=,404,03 Mar 2026 (14:56 UTC)
https://www.caoptical.com/blog/choose-wisely-goggles-sunglasses-or-safety-glasses-find-your-best-fit/,https://www.caoptical.com/blog/choose-wisely-goggles-sunglasses-or-safety-glasses-find-your-best-fit/{{media url=,404,03 Mar 2026 (14:56 UTC)
https://www.caoptical.com/blog/choosing-wrap-around-sunglasses-finding-the-right-fit-for-your-face-shape/,https://www.caoptical.com/blog/choosing-wrap-around-sunglasses-finding-the-right-fit-for-your-face-shape/{{media url=,404,03 Mar 2026 (14:56 UTC)
https://www.caoptical.com/blog/cleaning-and-maintaining-your-safety-glasses-is-as-important-as-wearing-them/,https://www.caoptical.com/blog/cleaning-and-maintaining-your-safety-glasses-is-as-important-as-wearing-them/{{media url=,404,03 Mar 2026 (14:56 UTC)
https://www.caoptical.com/blog/clearing-the-confusion-understanding-the-differences-between-safety-glasses-and-safety-goggles/,https://www.caoptical.com/blog/clearing-the-confusion-understanding-the-differences-between-safety-glasses-and-safety-goggles/{{media url=,404,03 Mar 2026 (14:56 UTC)
https://www.caoptical.com/blog/crucial-considerations-for-acquiring-prescription-safety-glasses/,https://www.caoptical.com/blog/crucial-considerations-for-acquiring-prescription-safety-glasses/{{media url=,404,03 Mar 2026 (14:56 UTC)
https://www.caoptical.com/blog/different-types-of-protective-glasses-for-sports/,https://www.caoptical.com/blog/different-types-of-protective-glasses-for-sports/{{media url=,404,03 Mar 2026 (14:56 UTC)
https://www.caoptical.com/blog/discover-your-ideal-safety-glasses-exploring-5-different-types/,https://www.caoptical.com/blog/discover-your-ideal-safety-glasses-exploring-5-different-types/{{media url=,404,03 Mar 2026 (14:56 UTC)
https://www.caoptical.com/blog/do-all-safety-glasses-have-to-be-stamped-z87/,https://www.caoptical.com/blog/do-all-safety-glasses-have-to-be-stamped-z87/{{media url=,404,03 Mar 2026 (14:56 UTC)
https://www.caoptical.com/blog/eat-your-way-to-healthy-eyes-foods-that-boost-eye-health/,https://www.caoptical.com/blog/eat-your-way-to-healthy-eyes-foods-that-boost-eye-health/{{media url=,404,03 Mar 2026 (14:56 UTC)
https://www.caoptical.com/blog/ensuring-comfort-and-reducing-interference-with-prescription-safety-glasses/,https://www.caoptical.com/blog/ensuring-comfort-and-reducing-interference-with-prescription-safety-glasses/{{media url=,404,03 Mar 2026 (14:56 UTC)
https://www.caoptical.com/blog/expeditious-ways-to-get-prescription-safety-glasses-online-for-less/,https://www.caoptical.com/blog/expeditious-ways-to-get-prescription-safety-glasses-online-for-less/{{media url=,404,03 Mar 2026 (14:56 UTC)
https://www.caoptical.com/blog/expired-prescription-safety-glasses-how-do-they-impact/,https://www.caoptical.com/blog/expired-prescription-safety-glasses-how-do-they-impact/{{media url=,404,03 Mar 2026 (14:56 UTC)
https://www.caoptical.com/blog/eye-protection-for-work-and-sports/,https://www.caoptical.com/blog/eye-protection-for-work-and-sports/{{media url=,404,03 Mar 2026 (14:56 UTC)
https://www.caoptical.com/blog/factors-to-consider-when-buying-sunglasses/,https://www.caoptical.com/blog/factors-to-consider-when-buying-sunglasses/{{media url=,404,03 Mar 2026 (14:56 UTC)
https://www.caoptical.com/blog/features-to-consider-while-purchasing-sports-glasses-for-kids/,https://www.caoptical.com/blog/features-to-consider-while-purchasing-sports-glasses-for-kids/{{media url=,404,03 Mar 2026 (14:56 UTC)
https://www.caoptical.com/blog/find-out-the-best-prescription-glasses-for-hunting/,https://www.caoptical.com/blog/find-out-the-best-prescription-glasses-for-hunting/{{media url=,404,03 Mar 2026 (14:56 UTC)
https://www.caoptical.com/blog/find-the-best-coatings-for-safety-glasses/,https://www.caoptical.com/blog/find-the-best-coatings-for-safety-glasses/{{media url=,404,03 Mar 2026 (14:56 UTC)
https://www.caoptical.com/blog/five-industries-where-eye-safety-is-a-major-concern/,https://www.caoptical.com/blog/five-industries-where-eye-safety-is-a-major-concern/{{media url=,404,03 Mar 2026 (14:56 UTC)
https://www.caoptical.com/blog/for-your-safety-glasses-what-type-of-lens-material-do-you-require/,https://www.caoptical.com/blog/for-your-safety-glasses-what-type-of-lens-material-do-you-require/{{media url=,404,03 Mar 2026 (14:56 UTC)
https://www.caoptical.com/blog/frequently-asked-questions-about-prescription-safety-glasses/,https://www.caoptical.com/blog/frequently-asked-questions-about-prescription-safety-glasses/{{media url=,404,03 Mar 2026 (14:56 UTC)
https://www.caoptical.com/blog/gear-up-with-prescription-cycling-sunglasses-know-their-importance/,https://www.caoptical.com/blog/gear-up-with-prescription-cycling-sunglasses-know-their-importance/{{media url=,404,03 Mar 2026 (14:56 UTC)
https://www.caoptical.com/blog/get-the-best-prescription-sports-glasses-based-on-the-sport-you-play/,https://www.caoptical.com/blog/get-the-best-prescription-sports-glasses-based-on-the-sport-you-play/{{media url=,404,03 Mar 2026 (14:56 UTC)
https://www.caoptical.com/blog/golf-sunglasses-which-one-to-choose-tinted-or-polarized/,https://www.caoptical.com/blog/golf-sunglasses-which-one-to-choose-tinted-or-polarized/{{media url=,404,03 Mar 2026 (14:56 UTC)
https://www.caoptical.com/blog/how-can-i-protect-my-eyes-from-injury/,https://www.caoptical.com/blog/how-can-i-protect-my-eyes-from-injury/{{media url=,404,03 Mar 2026 (14:56 UTC)
https://www.caoptical.com/blog/how-do-i-select-sports-sunglasses-and-sports-eyewear/,https://www.caoptical.com/blog/how-do-i-select-sports-sunglasses-and-sports-eyewear/{{media url=,404,03 Mar 2026 (14:56 UTC)
https://www.caoptical.com/blog/how-engineers-should-select-prescription-safety-glasses/,https://www.caoptical.com/blog/how-engineers-should-select-prescription-safety-glasses/{{media url=,404,03 Mar 2026 (14:56 UTC)
https://www.caoptical.com/blog/how-much-are-prescription-safety-glasses/,https://www.caoptical.com/blog/how-much-are-prescription-safety-glasses/{{media url=,404,03 Mar 2026 (14:56 UTC)
https://www.caoptical.com/blog/how-much-do-prescription-sports-glasses-cost/,https://www.caoptical.com/media/catalog/product/d/s/dsc03808_6211.jpg,404,09 Mar 2026 (11:55 UTC)
https://www.caoptical.com/blog/how-much-do-prescription-sports-glasses-cost/,https://www.caoptical.com/media/catalog/product/_/d/_dsc8442_q52_black_sun.jpg,404,09 Mar 2026 (11:55 UTC)
https://www.caoptical.com/blog/how-much-do-prescription-sports-glasses-cost/,https://www.caoptical.com/media/catalog/product/_/d/_dsc9297_1.jpg,404,09 Mar 2026 (11:55 UTC)
https://www.caoptical.com/blog/how-much-do-prescription-sports-glasses-cost/,https://www.caoptical.com/blog/how-much-do-prescription-sports-glasses-cost/{{media url=,404,03 Mar 2026 (14:56 UTC)
https://www.caoptical.com/blog/how-safe-are-safety-glasses/,https://www.caoptical.com/blog/how-safe-are-safety-glasses/{{media url=,404,03 Mar 2026 (14:56 UTC)
https://www.caoptical.com/blog/how-stylish-prescription-safety-glasses-are-changing-workplace-culture/,https://www.caoptical.com/blog/how-stylish-prescription-safety-glasses-are-changing-workplace-culture/{{media url=,404,03 Mar 2026 (14:56 UTC)
https://www.caoptical.com/blog/how-the-right-swimming-goggles-can-make-you-a-better-swimmer/,https://www.caoptical.com/blog/how-the-right-swimming-goggles-can-make-you-a-better-swimmer/{{media url=,404,03 Mar 2026 (14:56 UTC)
https://www.caoptical.com/blog/how-to-maintain-good-eye-health/,https://www.caoptical.com/blog/how-to-maintain-good-eye-health/{{media url=,404,03 Mar 2026 (14:56 UTC)
https://www.caoptical.com/blog/how-to-pick-sunglasses/,https://www.caoptical.com/blog/how-to-pick-sunglasses/{{media url=,404,03 Mar 2026 (14:56 UTC)
https://www.caoptical.com/blog/how-to-protect-your-eyes-health-during-the-winter/,https://www.caoptical.com/blog/how-to-protect-your-eyes-health-during-the-winter/{{media url=,404,03 Mar 2026 (14:56 UTC)
https://www.caoptical.com/blog/importance-of-prescription-safety-glasses-for-lab-assistant/,https://www.caoptical.com/blog/importance-of-prescription-safety-glasses-for-lab-assistant/{{media url=,404,03 Mar 2026 (14:56 UTC)
https://www.caoptical.com/blog/importance-of-wearing-sports-glasses/,https://www.caoptical.com/blog/importance-of-wearing-sports-glasses/{{media url=,404,03 Mar 2026 (14:56 UTC)
https://www.caoptical.com/blog/july-is-uv-safety-awareness-month-protecting-your-eyes-with-prescription-safety-glasses/,https://www.caoptical.com/blog/july-is-uv-safety-awareness-month-protecting-your-eyes-with-prescription-safety-glasses/{{media url=,404,03 Mar 2026 (14:56 UTC)
https://www.caoptical.com/blog/keeping-your-eyes-safe-at-work/,https://www.caoptical.com/blog/keeping-your-eyes-safe-at-work/{{media url=,404,03 Mar 2026 (14:56 UTC)
https://www.caoptical.com/blog/key-factors-to-consider-when-choosing-cycling-sunglasses/,https://www.caoptical.com/blog/key-factors-to-consider-when-choosing-cycling-sunglasses/{{media url=,404,03 Mar 2026 (14:56 UTC)
https://www.caoptical.com/blog/know-the-perfect-time-for-replacing-your-prescription-safety-glasses/,https://www.caoptical.com/blog/know-the-perfect-time-for-replacing-your-prescription-safety-glasses/{{media url=,404,03 Mar 2026 (14:56 UTC)
https://www.caoptical.com/blog/major-reasons-you-should-really-wear-ski-goggles/,https://www.caoptical.com/blog/major-reasons-you-should-really-wear-ski-goggles/{{media url=,404,03 Mar 2026 (14:56 UTC)
https://www.caoptical.com/blog/month-of-sports-eye-safety-september/,https://www.caoptical.com/blog/month-of-sports-eye-safety-september/{{media url=,404,03 Mar 2026 (14:56 UTC)
https://www.caoptical.com/blog/performing-a-basic-workplace-eye-safety-audit/,https://www.caoptical.com/blog/performing-a-basic-workplace-eye-safety-audit/{{media url=,404,03 Mar 2026 (14:56 UTC)
https://www.caoptical.com/blog/play-it-safe-the-recreational-side-of-eye-health/,https://www.caoptical.com/blog/play-it-safe-the-recreational-side-of-eye-health/{{media url=,404,03 Mar 2026 (14:56 UTC)
https://www.caoptical.com/blog/polarized-vs-non-polarized-cycling-glasses-which-one-to-choose/,https://www.caoptical.com/blog/polarized-vs-non-polarized-cycling-glasses-which-one-to-choose/{{media url=,404,03 Mar 2026 (14:56 UTC)
https://www.caoptical.com/blog/polarized-vs-non-polarized-safety-glasses-know-the-difference/,https://www.caoptical.com/blog/polarized-vs-non-polarized-safety-glasses-know-the-difference/{{media url=,404,03 Mar 2026 (14:56 UTC)
https://www.caoptical.com/blog/practical-tips-to-purchasing-prescription-running-sunglasses/,https://www.caoptical.com/blog/practical-tips-to-purchasing-prescription-running-sunglasses/{{media url=,404,03 Mar 2026 (14:56 UTC)
https://www.caoptical.com/blog/prepare-for-summer-with-these-eye-safety-tips/,https://www.caoptical.com/blog/prepare-for-summer-with-these-eye-safety-tips/{{media url=,404,03 Mar 2026 (14:56 UTC)
https://www.caoptical.com/blog/prescription-safety-glasses-essential-materials-for-your-safety/,https://www.caoptical.com/blog/prescription-safety-glasses-essential-materials-for-your-safety/{{media url=,404,03 Mar 2026 (14:56 UTC)
https://www.caoptical.com/blog/prescription-safety-glasses-ultra-light-premium-quality-global-glasses/,https://www.caoptical.com/blog/prescription-safety-glasses-ultra-light-premium-quality-global-glasses/{{media url=,404,03 Mar 2026 (14:56 UTC)
https://www.caoptical.com/blog/prescription-sports-glasses-for-adults/,https://www.caoptical.com/blog/prescription-sports-glasses-for-adults/{{media url=,404,03 Mar 2026 (14:56 UTC)
https://www.caoptical.com/blog/prescription-sports-glasses-for-new-generation-runners/,https://www.caoptical.com/blog/prescription-sports-glasses-for-new-generation-runners/{{media url=,404,03 Mar 2026 (14:56 UTC)
https://www.caoptical.com/blog/prescription-sports-glasses-progressive-and-bifocal/,https://www.caoptical.com/blog/prescription-sports-glasses-progressive-and-bifocal/{{media url=,404,03 Mar 2026 (14:56 UTC)
https://www.caoptical.com/blog/prescription-sports-sunglasses-helps-achieve-the-perfect-fit-with-protection/,https://www.caoptical.com/blog/prescription-sports-sunglasses-helps-achieve-the-perfect-fit-with-protection/{{media url=,404,03 Mar 2026 (14:56 UTC)
https://www.caoptical.com/blog/prescription-sports-sunglasses-make-the-right-choice-for-your-athlete-kids/,https://www.caoptical.com/blog/prescription-sports-sunglasses-make-the-right-choice-for-your-athlete-kids/{{media url=,404,03 Mar 2026 (14:56 UTC)
https://www.caoptical.com/blog/pros-and-cons-of-polarized-sports-glasses/,https://www.caoptical.com/blog/pros-and-cons-of-polarized-sports-glasses/{{media url=,404,03 Mar 2026 (14:56 UTC)
https://www.caoptical.com/blog/pros-and-cons-of-prescription-sports-sunglasses/,https://www.caoptical.com/blog/pros-and-cons-of-prescription-sports-sunglasses/{{media url=,404,03 Mar 2026 (14:56 UTC)
https://www.caoptical.com/blog/pros-of-wearing-golf-sunglasses-to-your-golf-course/,https://www.caoptical.com/blog/pros-of-wearing-golf-sunglasses-to-your-golf-course/{{media url=,404,03 Mar 2026 (14:56 UTC)
https://www.caoptical.com/blog/protective-eyewear-may-prevent-90-percent-of-sports-related-eye-injuries/,https://www.caoptical.com/blog/protective-eyewear-may-prevent-90-percent-of-sports-related-eye-injuries/{{media url=,404,03 Mar 2026 (14:56 UTC)
https://www.caoptical.com/blog/quick-relief-how-to-remove-irritants-from-your-eye/,https://www.caoptical.com/blog/quick-relief-how-to-remove-irritants-from-your-eye/{{media url=,404,03 Mar 2026 (14:56 UTC)
https://www.caoptical.com/blog/safety-glasses-their-importance/,https://www.caoptical.com/blog/safety-glasses-their-importance/{{media url=,404,03 Mar 2026 (14:56 UTC)
https://www.caoptical.com/blog/say-no-to-embarrassing-prescription-safety-glasses/,https://www.caoptical.com/blog/say-no-to-embarrassing-prescription-safety-glasses/{{media url=,404,03 Mar 2026 (14:56 UTC)
https://www.caoptical.com/blog/select-the-best-prescription-safety-glasses-for-nurses/,https://www.caoptical.com/blog/select-the-best-prescription-safety-glasses-for-nurses/{{media url=,404,03 Mar 2026 (14:56 UTC)
https://www.caoptical.com/blog/shield-your-sight-expert-tips-to-prevent-scratches-on-prescription-safety-glasses/,https://www.caoptical.com/blog/shield-your-sight-expert-tips-to-prevent-scratches-on-prescription-safety-glasses/{{media url=,404,03 Mar 2026 (14:56 UTC)
https://www.caoptical.com/blog/the-evolution-of-eye-protection-unveiling-its-historical-journey/,https://www.caoptical.com/blog/the-evolution-of-eye-protection-unveiling-its-historical-journey/{{media url=,404,03 Mar 2026 (14:56 UTC)
https://www.caoptical.com/blog/the-top-10-construction-safety-glasses/,https://www.caoptical.com/blog/the-top-10-construction-safety-glasses/{{media url=,404,03 Mar 2026 (14:56 UTC)
https://www.caoptical.com/blog/the-vital-importance-of-keeping-your-eyes-safe-at-work/,https://www.caoptical.com/blog/the-vital-importance-of-keeping-your-eyes-safe-at-work/{{media url=,404,03 Mar 2026 (14:56 UTC)
https://www.caoptical.com/blog/top-10-reasons-to-choose-prescription-safety-glasses/,https://www.caoptical.com/blog/top-10-reasons-to-choose-prescription-safety-glasses/{{media url=,404,03 Mar 2026 (14:56 UTC)
https://www.caoptical.com/blog/top-9-tips-for-yard-work-safety/,https://www.caoptical.com/blog/top-9-tips-for-yard-work-safety/{{media url=,404,03 Mar 2026 (14:56 UTC)
https://www.caoptical.com/blog/top-faqs-related-to-prescription-sports-glasses/,https://www.caoptical.com/blog/top-faqs-related-to-prescription-sports-glasses/{{media url=,404,03 Mar 2026 (14:56 UTC)
https://www.caoptical.com/blog/top-safety-glasses-for-grinding-different-materials/,https://www.caoptical.com/blog/top-safety-glasses-for-grinding-different-materials/{{media url=,404,03 Mar 2026 (14:56 UTC)
https://www.caoptical.com/blog/top-safety-glasses-for-indoor-and-outdoor-use/,https://www.caoptical.com/blog/top-safety-glasses-for-indoor-and-outdoor-use/{{media url=,404,03 Mar 2026 (14:56 UTC)
https://www.caoptical.com/blog/top-sunglasses-trends-to-follow-in-2022/,https://www.caoptical.com/blog/top-sunglasses-trends-to-follow-in-2022/{{media url=,404,03 Mar 2026 (14:56 UTC)
https://www.caoptical.com/blog/traditional-prescription-safety-frames-vs-wraparound/,https://www.caoptical.com/blog/traditional-prescription-safety-frames-vs-wraparound/{{media url=,404,03 Mar 2026 (14:56 UTC)
https://www.caoptical.com/blog/transition-lenses-why-they-are-your-best-option/,https://www.caoptical.com/blog/transition-lenses-why-they-are-your-best-option/{{media url=,404,03 Mar 2026 (14:56 UTC)
https://www.caoptical.com/blog/types-of-lenses-used-for-creating-prescription-safety-glasses/,https://www.caoptical.com/blog/types-of-lenses-used-for-creating-prescription-safety-glasses/{{media url=,404,03 Mar 2026 (14:56 UTC)
https://www.caoptical.com/blog/understanding-single-vision-lenses-what-you-need-to-know/,https://www.caoptical.com/blog/understanding-single-vision-lenses-what-you-need-to-know/{{media url=,404,03 Mar 2026 (14:56 UTC)
https://www.caoptical.com/blog/various-ratings-for-safety-glasses/,https://www.caoptical.com/blog/various-ratings-for-safety-glasses/{{media url=,404,03 Mar 2026 (14:56 UTC)
https://www.caoptical.com/blog/vision-protection-and-safety-glasses/,https://www.caoptical.com/blog/vision-protection-and-safety-glasses/{{media url=,404,03 Mar 2026 (14:56 UTC)
https://www.caoptical.com/blog/ways-to-encourage-employees-to-use-safety-glasses/,https://www.caoptical.com/blog/ways-to-encourage-employees-to-use-safety-glasses/{{media url=,404,03 Mar 2026 (14:56 UTC)
https://www.caoptical.com/blog/what-are-10-tips-for-healthy-eyes/,https://www.caoptical.com/blog/what-are-10-tips-for-healthy-eyes/{{media url=,404,03 Mar 2026 (14:56 UTC)
https://www.caoptical.com/blog/what-are-six-common-workplace-hazards/,https://www.caoptical.com/blog/what-are-six-common-workplace-hazards/{{media url=,404,03 Mar 2026 (14:56 UTC)
https://www.caoptical.com/blog/what-are-some-tips-for-preventing-eye-injuries-during-the-holidays/,https://www.caoptical.com/blog/what-are-some-tips-for-preventing-eye-injuries-during-the-holidays/{{media url=,404,03 Mar 2026 (14:56 UTC)
https://www.caoptical.com/blog/what-are-the-benefits-of-transition-safety-glasses-from-ca-glasses/,https://www.caoptical.com/blog/what-are-the-benefits-of-transition-safety-glasses-from-ca-glasses/{{media url=,404,03 Mar 2026 (14:56 UTC)
https://www.caoptical.com/blog/what-are-the-benefits-of-wearing-medical-prescription-safety-glasses/,https://www.caoptical.com/blog/what-are-the-benefits-of-wearing-medical-prescription-safety-glasses/{{media url=,404,03 Mar 2026 (14:56 UTC)
https://www.caoptical.com/blog/what-are-the-benefits-of-wrap-around-prescription-safety-glasses/,https://www.caoptical.com/blog/what-are-the-benefits-of-wrap-around-prescription-safety-glasses/{{media url=,404,03 Mar 2026 (14:56 UTC)
https://www.caoptical.com/blog/what-are-the-common-workplace-eye-hazards-and-how-can-you-avoid-them/,https://www.caoptical.com/blog/what-are-the-common-workplace-eye-hazards-and-how-can-you-avoid-them/{{media url=,404,03 Mar 2026 (14:56 UTC)
https://www.caoptical.com/blog/what-are-the-features-of-prescription-safety-glasses-that-make-them-worth-the-price/,https://www.caoptical.com/blog/what-are-the-features-of-prescription-safety-glasses-that-make-them-worth-the-price/{{media url=,404,03 Mar 2026 (14:56 UTC)
https://www.caoptical.com/blog/what-are-the-various-types-of-prescription-safety-glasses/,https://www.caoptical.com/blog/what-are-the-various-types-of-prescription-safety-glasses/{{media url=,404,03 Mar 2026 (14:56 UTC)
https://www.caoptical.com/blog/what-are-the-various-types-of-protective-eyewear/,https://www.caoptical.com/blog/what-are-the-various-types-of-protective-eyewear/{{media url=,404,03 Mar 2026 (14:56 UTC)
https://www.caoptical.com/blog/what-are-your-eye-safety-resolution-for-2023/,https://www.caoptical.com/blog/what-are-your-eye-safety-resolution-for-2023/{{media url=,404,03 Mar 2026 (14:56 UTC)
https://www.caoptical.com/blog/what-are-your-top-five-questions-about-prescription-safety-glasses/,https://www.caoptical.com/blog/what-are-your-top-five-questions-about-prescription-safety-glasses/{{media url=,404,03 Mar 2026 (14:56 UTC)
https://www.caoptical.com/blog/what-is-the-mark-seen-on-the-frame-of-industrial-certified-safety-glasses/,https://www.caoptical.com/blog/what-is-the-mark-seen-on-the-frame-of-industrial-certified-safety-glasses/{{media url=,404,03 Mar 2026 (14:56 UTC)
https://www.caoptical.com/blog/what-type-of-safety-eyewear-is-available-to-me/,https://www.caoptical.com/blog/what-type-of-safety-eyewear-is-available-to-me/{{media url=,404,03 Mar 2026 (14:56 UTC)
https://www.caoptical.com/blog/when-do-you-exactly-need-to-wear-prescription-safety-glasses/,https://www.caoptical.com/blog/when-do-you-exactly-need-to-wear-prescription-safety-glasses/{{media url=,404,03 Mar 2026 (14:56 UTC)
https://www.caoptical.com/blog/which-are-the-best-prescription-baseball-glasses-for-youth/,https://www.caoptical.com/blog/which-are-the-best-prescription-baseball-glasses-for-youth/{{media url=,404,03 Mar 2026 (14:56 UTC)
https://www.caoptical.com/blog/which-safety-frame-is-best-for-you-wraparound-or-traditional-safety-frames/,https://www.caoptical.com/blog/which-safety-frame-is-best-for-you-wraparound-or-traditional-safety-frames/{{media url=,404,03 Mar 2026 (14:56 UTC)
https://www.caoptical.com/blog/why-are-prescription-safety-glasses-so-popular/,https://www.caoptical.com/blog/why-are-prescription-safety-glasses-so-popular/{{media url=,404,03 Mar 2026 (14:56 UTC)
https://www.caoptical.com/blog/why-do-your-eyes-twitch/,https://www.caoptical.com/media/catalog/product/_/d/_dsc8425_q52_blue_clear.jpg,404,09 Mar 2026 (11:55 UTC)
https://www.caoptical.com/blog/why-do-your-eyes-twitch/,https://www.caoptical.com/media/catalog/product/d/s/dsc04120_gm231_c2_1_.jpg,404,09 Mar 2026 (11:55 UTC)
https://www.caoptical.com/blog/why-is-it-crucial-to-wear-safety-glasses-10-important-reasons/,https://www.caoptical.com/blog/why-is-it-crucial-to-wear-safety-glasses-10-important-reasons/{{media url=,404,03 Mar 2026 (14:56 UTC)
https://www.caoptical.com/blog/why-it-s-important-to-invest-in-high-quality-prescription-safety-eyewear/,https://www.caoptical.com/blog/why-it-s-important-to-invest-in-high-quality-prescription-safety-eyewear/{{media url=,404,03 Mar 2026 (14:56 UTC)
https://www.caoptical.com/blog/why-should-you-wear-safety-glasses-while-doing-yard-work/,https://www.caoptical.com/blog/why-should-you-wear-safety-glasses-while-doing-yard-work/{{media url=,404,03 Mar 2026 (14:56 UTC)
https://www.caoptical.com/blog/why-use-safety-glasses-with-progressive-lenses/,https://www.caoptical.com/blog/why-use-safety-glasses-with-progressive-lenses/{{media url=,404,03 Mar 2026 (14:56 UTC)
https://www.caoptical.com/blog/why-using-prescription-safety-glasses-is-usually-a-better-choice/,https://www.caoptical.com/blog/why-using-prescription-safety-glasses-is-usually-a-better-choice/{{media url=,404,03 Mar 2026 (14:56 UTC)
https://www.caoptical.com/blog/why-you-should-add-safety-glasses-to-your-emergency-kit/,https://www.caoptical.com/blog/why-you-should-add-safety-glasses-to-your-emergency-kit/{{media url=,404,03 Mar 2026 (14:56 UTC)
https://www.caoptical.com/blog/why-your-safety-glasses-must-be-doing-more-harm-than-good/,https://www.caoptical.com/blog/why-your-safety-glasses-must-be-doing-more-harm-than-good/{{media url=,404,03 Mar 2026 (14:56 UTC)
https://www.caoptical.com/blog/winter-eye-safety-protecting-your-vision-in-cold-weather-using-safety-glasses/,https://www.caoptical.com/blog/winter-eye-safety-protecting-your-vision-in-cold-weather-using-safety-glasses/{{media url=,404,03 Mar 2026 (14:56 UTC)
https://www.caoptical.com/blog/wrap-around-prescription-safety-glasses-benefits/,https://www.caoptical.com/blog/wrap-around-prescription-safety-glasses-benefits/{{media url=,404,03 Mar 2026 (14:56 UTC)
